{"type": "FeatureCollection", "features": [{"id": "0", "type": "Feature", "properties": {"areaName": "powiat oleski", "include": false}, "geometry": {"type": "Polygon", "coordinates": [[[18.230106, 50.796733], [18.297356, 50.729379], [18.342618, 50.695671], [18.378485, 50.704156], [18.459129, 50.679029], [18.46833, 50.624973], [18.513204, 50.630723], [18.513267, 50.658087], [18.483883, 50.708263], [18.548303, 50.732024], [18.550028, 50.759576], [18.521887, 50.80236], [18.557972, 50.834084], [18.615877, 50.853588], [18.65495, 50.916579], [18.612385, 50.955138], [18.663569, 50.970473], [18.656179, 51.005013], [18.695487, 51.015776], [18.672951, 51.056902], [18.577605, 51.081922], [18.553719, 51.138784], [18.520825, 51.14026], [18.498737, 51.099579], [18.349731, 51.137174], [18.314931, 51.133969], [18.314639, 51.098578], [18.348175, 51.093592], [18.345005, 51.058085], [18.307351, 51.041056], [18.351451, 51.004593], [18.381445, 50.947733], [18.344118, 50.926925], [18.324223, 50.804556], [18.265576, 50.814787], [18.230106, 50.796733]]]}}, {"id": "1", "type": "Feature", "properties": {"areaName": "powiat krapkowicki", "include": false}, "geometry": {"type": "Polygon", "coordinates": [[[17.813688, 50.530125], [17.757346, 50.485662], [17.753501, 50.421121], [17.880078, 50.405622], [17.918177, 50.364873], [18.032352, 50.346067], [18.034521, 50.385469], [18.068798, 50.417291], [18.153566, 50.386561], [18.156123, 50.432565], [18.128906, 50.480407], [18.091443, 50.512355], [18.118069, 50.554306], [18.042359, 50.562213], [18.007687, 50.547841], [17.897194, 50.546208], [17.873321, 50.501761], [17.813688, 50.530125]]]}}, {"id": "2", "type": "Feature", "properties": {"areaName": "powiat kamie\u0144ski", "include": false}, "geometry": {"type": "Polygon", "coordinates": [[[14.391761, 53.915924], [14.41965, 53.866144], [14.54009, 53.85897], [14.60494, 53.82807], [14.6165, 53.770995], [14.670776, 53.770806], [14.797111, 53.811837], [14.838357, 53.790647], [14.895474, 53.814069], [14.950395, 53.775745], [15.083257, 53.793851], [15.058772, 53.815069], [15.041298, 53.878011], [15.057345, 53.96353], [14.954088, 54.040278], [14.895977, 54.054547], [14.728975, 54.023441], [14.671405, 54.003852], [14.501958, 53.964293], [14.391761, 53.915924]]]}}, {"id": "3", "type": "Feature", "properties": {"areaName": "powiat olecki", "include": false}, "geometry": {"type": "Polygon", "coordinates": [[[22.146192, 54.181549], [22.127206, 54.120248], [22.180855, 54.091534], [22.200623, 54.060829], [22.151439, 54.034861], [22.165933, 54.003842], [22.206049, 54.002387], [22.276667, 53.940721], [22.416595, 53.937726], [22.439614, 53.904278], [22.489806, 53.891227], [22.594796, 53.902518], [22.625742, 53.935551], [22.723744, 53.952569], [22.696531, 53.973515], [22.670336, 54.029307], [22.599858, 54.052792], [22.635458, 54.093024], [22.601926, 54.13652], [22.547129, 54.137729], [22.481528, 54.202441], [22.400724, 54.208147], [22.355909, 54.183684], [22.296965, 54.192245], [22.26688, 54.171276], [22.172658, 54.197695], [22.146192, 54.181549]]]}}, {"id": "4", "type": "Feature", "properties": {"areaName": "powiat j\u0119drzejowski", "include": false}, "geometry": {"type": "Polygon", "coordinates": [[[19.903472, 50.61962], [19.861923, 50.621688], [19.840515, 50.554631], [19.901231, 50.53973], [19.912171, 50.511445], [19.949966, 50.504783], [19.987514, 50.519771], [20.105602, 50.485962], [20.205359, 50.4957], [20.272869, 50.469946], [20.325212, 50.454651], [20.369426, 50.488492], [20.329744, 50.502418], [20.341321, 50.546026], [20.458351, 50.528904], [20.499129, 50.567382], [20.500365, 50.635996], [20.5539, 50.641378], [20.584294, 50.667849], [20.462008, 50.742122], [20.415617, 50.747568], [20.380858, 50.782887], [20.323412, 50.799378], [20.297224, 50.857248], [20.24962, 50.865277], [20.199324, 50.823299], [20.141855, 50.84329], [20.119081, 50.827827], [20.095124, 50.77289], [20.052329, 50.740242], [20.101595, 50.705556], [20.02679, 50.661923], [20.031649, 50.633272], [19.965325, 50.635065], [19.903472, 50.61962]]]}}, {"id": "5", "type": "Feature", "properties": {"areaName": "Siedlce", "include": false}, "geometry": {"type": "Polygon", "coordinates": [[[22.220546, 52.188975], [22.264532, 52.144278], [22.330957, 52.160535], [22.263962, 52.195697], [22.220546, 52.188975]]]}}, {"id": "6", "type": "Feature", "properties": {"areaName": "powiat \u015bwiebodzi\u0144ski", "include": true}, "geometry": {"type": "Polygon", "coordinates": [[[15.091325, 52.226082], [15.100997, 52.205054], [15.197804, 52.218799], [15.220782, 52.194604], [15.290888, 52.213327], [15.30633, 52.131317], [15.365423, 52.114257], [15.412898, 52.116369], [15.480537, 52.100943], [15.523986, 52.123748], [15.59084, 52.137592], [15.606887, 52.163995], [15.721442, 52.169041], [15.736695, 52.191816], [15.849505, 52.21329], [15.852401, 52.262113], [15.88081, 52.29043], [15.830238, 52.320482], [15.72498, 52.290652], [15.661678, 52.306465], [15.622387, 52.34269], [15.497763, 52.359221], [15.435799, 52.375648], [15.349316, 52.37869], [15.257394, 52.37161], [15.242658, 52.31175], [15.14926, 52.23378], [15.091325, 52.226082]]]}}, {"id": "7", "type": "Feature", "properties": {"areaName": "powiat \u0142\u0119czy\u0144ski", "include": false}, "geometry": {"type": "Polygon", "coordinates": [[[22.98122, 51.423864], [22.847698, 51.381699], [22.779942, 51.40181], [22.668898, 51.364493], [22.70148, 51.326704], [22.784508, 51.300291], [22.769867, 51.278072], [22.808201, 51.284745], [22.858165, 51.254026], [22.844738, 51.235206], [22.875297, 51.180635], [22.923065, 51.174026], [22.975579, 51.195768], [23.040884, 51.183563], [23.040438, 51.205089], [23.09153, 51.243026], [23.210274, 51.261438], [23.233891, 51.31383], [23.269204, 51.329803], [23.139866, 51.366299], [23.091457, 51.367056], [23.063644, 51.421498], [22.98122, 51.423864]]]}}, {"id": "8", "type": "Feature", "properties": {"areaName": "Rybnik", "include": false}, "geometry": {"type": "Polygon", "coordinates": [[[18.442328, 50.086407], [18.479396, 50.05262], [18.523202, 50.038157], [18.539382, 50.058865], [18.609914, 50.041264], [18.64683, 50.051668], [18.65677, 50.081256], [18.631788, 50.110465], [18.575355, 50.137685], [18.557966, 50.181021], [18.49465, 50.179847], [18.4502, 50.15547], [18.442328, 50.086407]]]}}, {"id": "9", "type": "Feature", "properties": {"areaName": "powiat rybnicki", "include": false}, "geometry": {"type": "MultiPolygon", "coordinates": [[[[18.65677, 50.081256], [18.726134, 50.065767], [18.739902, 50.111161], [18.719743, 50.200116], [18.694631, 50.17521], [18.641944, 50.184599], [18.557966, 50.181021], [18.575355, 50.137685], [18.631788, 50.110465], [18.65677, 50.081256]]], [[[18.4502, 50.15547], [18.40061, 50.138096], [18.351389, 50.145301], [18.288894, 50.131076], [18.316028, 50.095764], [18.37882, 50.075176], [18.442328, 50.086407], [18.4502, 50.15547]]], [[[18.523202, 50.038157], [18.589974, 49.998857], [18.610987, 50.018367], [18.609914, 50.041264], [18.539382, 50.058865], [18.523202, 50.038157]]]]}}, {"id": "10", "type": "Feature", "properties": {"areaName": "powiat grudzi\u0105dzki", "include": false}, "geometry": {"type": "Polygon", "coordinates": [[[18.626372, 53.427385], [18.640204, 53.392991], [18.677728, 53.396042], [18.724247, 53.364828], [18.823767, 53.381942], [18.876554, 53.338957], [19.03742, 53.353189], [19.076758, 53.392698], [19.106866, 53.380642], [19.138841, 53.420666], [19.224321, 53.456632], [19.218839, 53.524259], [19.199701, 53.570059], [19.129276, 53.588261], [19.096642, 53.596723], [18.942046, 53.58815], [18.89014, 53.599498], [18.761577, 53.604882], [18.756339, 53.523882], [18.769432, 53.50737], [18.855182, 53.512811], [18.779224, 53.458174], [18.806728, 53.431638], [18.712422, 53.429586], [18.704016, 53.451665], [18.626372, 53.427385]]]}}, {"id": "11", "type": "Feature", "properties": {"areaName": "Tarn\u00f3w", "include": false}, "geometry": {"type": "Polygon", "coordinates": [[[20.893614, 50.027152], [20.912946, 49.988532], [21.024047, 49.989187], [21.033516, 50.052812], [20.940687, 50.066589], [20.92779, 50.035959], [20.893614, 50.027152]]]}}, {"id": "12", "type": "Feature", "properties": {"areaName": "powiat sztumski", "include": false}, "geometry": {"type": "Polygon", "coordinates": [[[18.861496, 53.94681], [18.878798, 53.909943], [18.966935, 53.902633], [18.994596, 53.877043], [19.087726, 53.841658], [19.113895, 53.809853], [19.1726, 53.84152], [19.322978, 53.813945], [19.454206, 53.797553], [19.518582, 53.846639], [19.560336, 53.916676], [19.575983, 53.948311], [19.458675, 53.942054], [19.416731, 53.926304], [19.374325, 53.93536], [19.377835, 53.984761], [19.319908, 54.027269], [19.268261, 54.024124], [19.213749, 54.010128], [19.126073, 54.023754], [19.029206, 53.988579], [18.982182, 54.000887], [18.928718, 53.968037], [18.861496, 53.94681]]]}}, {"id": "13", "type": "Feature", "properties": {"areaName": "powiat d\u0105browski", "include": false}, "geometry": {"type": "Polygon", "coordinates": [[[20.774728, 50.277705], [20.727988, 50.242752], [20.758896, 50.208401], [20.831105, 50.223215], [20.87476, 50.195654], [20.881196, 50.160977], [20.934042, 50.164789], [20.956557, 50.112195], [21.05716, 50.106636], [21.152392, 50.147641], [21.153315, 50.149184], [21.170984, 50.208256], [21.142112, 50.237679], [21.183823, 50.29799], [21.22264, 50.310862], [21.208831, 50.354896], [21.146535, 50.353804], [21.064507, 50.318073], [20.955196, 50.31604], [20.854886, 50.296079], [20.829598, 50.274107], [20.774728, 50.277705]]]}}, {"id": "14", "type": "Feature", "properties": {"areaName": "powiat sandomierski", "include": false}, "geometry": {"type": "Polygon", "coordinates": [[[21.350161, 50.683504], [21.393107, 50.647353], [21.40333, 50.591119], [21.450166, 50.573308], [21.517815, 50.509282], [21.601197, 50.519697], [21.64974, 50.5646], [21.669452, 50.605046], [21.747352, 50.654836], [21.779165, 50.645006], [21.825775, 50.698834], [21.843358, 50.739239], [21.864248, 50.802154], [21.835813, 50.878306], [21.798946, 50.870309], [21.720954, 50.82075], [21.72471, 50.787737], [21.689097, 50.773081], [21.622726, 50.796159], [21.555069, 50.763812], [21.541852, 50.699821], [21.416354, 50.704246], [21.350161, 50.683504]]]}}, {"id": "15", "type": "Feature", "properties": {"areaName": "powiat tczewski", "include": false}, "geometry": {"type": "Polygon", "coordinates": [[[18.861496, 53.94681], [18.837443, 53.994581], [18.805945, 54.093465], [18.828158, 54.141551], [18.806175, 54.154058], [18.695792, 54.15051], [18.630134, 54.135942], [18.590875, 54.105847], [18.556261, 54.059255], [18.674022, 54.005794], [18.679861, 53.960048], [18.637098, 53.945823], [18.587491, 53.861937], [18.604928, 53.841862], [18.592063, 53.802516], [18.633948, 53.79984], [18.641274, 53.768966], [18.722902, 53.763539], [18.690775, 53.720792], [18.696552, 53.699953], [18.744832, 53.686892], [18.788971, 53.702105], [18.843282, 53.726538], [18.840501, 53.8352], [18.886296, 53.886344], [18.878798, 53.909943], [18.861496, 53.94681]]]}}, {"id": "16", "type": "Feature", "properties": {"areaName": "powiat w\u0142odawski", "include": false}, "geometry": {"type": "Polygon", "coordinates": [[[23.269204, 51.329803], [23.285008, 51.362318], [23.352335, 51.349629], [23.477958, 51.374106], [23.506335, 51.360924], [23.506381, 51.32622], [23.559496, 51.316789], [23.593111, 51.271069], [23.705978, 51.276224], [23.64941, 51.290136], [23.636303, 51.329334], [23.682708, 51.372417], [23.696328, 51.407885], [23.649442, 51.446259], [23.669819, 51.483027], [23.62013, 51.496366], [23.594239, 51.535238], [23.564615, 51.535329], [23.563967, 51.581222], [23.540284, 51.601926], [23.558228, 51.665276], [23.552952, 51.716184], [23.530625, 51.743175], [23.465336, 51.780627], [23.447097, 51.742129], [23.320956, 51.656698], [23.31096, 51.627808], [23.252356, 51.632473], [23.178307, 51.595977], [23.14684, 51.559043], [23.216264, 51.514355], [23.176515, 51.459348], [23.099435, 51.465949], [23.063644, 51.421498], [23.091457, 51.367056], [23.139866, 51.366299], [23.269204, 51.329803]]]}}, {"id": "17", "type": "Feature", "properties": {"areaName": "powiat sierpecki", "include": false}, "geometry": {"type": "Polygon", "coordinates": [[[19.444664, 52.939043], [19.458573, 52.906744], [19.508734, 52.867946], [19.424482, 52.827791], [19.518905, 52.747745], [19.525836, 52.70374], [19.691819, 52.683331], [19.860316, 52.731601], [19.87906, 52.75012], [19.964, 52.780749], [19.991507, 52.828002], [19.959371, 52.830262], [19.96403, 52.882434], [19.932478, 52.90068], [19.863274, 52.904783], [19.817019, 52.920727], [19.769765, 52.959186], [19.684806, 52.963039], [19.568269, 52.98569], [19.582549, 52.95686], [19.528887, 52.936426], [19.444664, 52.939043]]]}}, {"id": "18", "type": "Feature", "properties": {"areaName": "powiat rypi\u0144ski", "include": false}, "geometry": {"type": "Polygon", "coordinates": [[[19.684806, 52.963039], [19.683073, 53.021732], [19.645806, 53.054348], [19.646522, 53.112209], [19.592692, 53.10581], [19.589582, 53.080306], [19.471367, 53.11636], [19.368384, 53.107389], [19.328924, 53.170402], [19.327298, 53.216699], [19.253482, 53.199756], [19.186134, 53.152777], [19.22739, 53.093978], [19.223041, 53.061734], [19.182435, 53.049293], [19.205102, 53.009481], [19.238995, 53.001545], [19.295947, 52.970572], [19.306246, 52.944997], [19.399504, 52.930366], [19.444664, 52.939043], [19.528887, 52.936426], [19.582549, 52.95686], [19.568269, 52.98569], [19.684806, 52.963039]]]}}, {"id": "19", "type": "Feature", "properties": {"areaName": "powiat toru\u0144ski", "include": false}, "geometry": {"type": "Polygon", "coordinates": [[[18.144276, 53.103153], [18.154029, 53.098766], [18.300383, 53.07958], [18.407412, 53.0395], [18.366896, 52.986942], [18.360861, 52.946117], [18.439738, 52.955807], [18.495707, 52.948547], [18.512898, 52.908027], [18.564749, 52.878982], [18.586771, 52.859402], [18.652489, 52.897023], [18.688954, 52.896604], [18.722577, 52.933411], [18.806734, 52.907176], [18.907263, 52.835815], [18.953308, 52.851892], [19.020202, 52.845395], [19.06273, 52.88339], [19.009569, 52.964599], [19.094164, 52.968964], [19.07478, 52.993103], [18.956648, 52.987812], [18.951422, 53.015039], [18.908743, 53.02444], [18.826926, 53.070955], [18.805551, 53.12713], [18.752183, 53.155382], [18.761789, 53.201074], [18.803537, 53.219775], [18.7249, 53.262953], [18.684375, 53.256865], [18.653001, 53.224811], [18.58874, 53.227144], [18.468025, 53.201688], [18.423675, 53.176558], [18.349483, 53.169775], [18.303393, 53.154199], [18.304033, 53.128052], [18.236465, 53.127253], [18.144276, 53.103153]], [[18.460666, 53.015513], [18.54439, 53.05974], [18.65162, 53.065898], [18.731365, 53.044328], [18.731334, 53.018643], [18.608187, 52.974196], [18.562797, 53.002322], [18.460666, 53.015513]]]}}, {"id": "20", "type": "Feature", "properties": {"areaName": "powiat rawicki", "include": false}, "geometry": {"type": "Polygon", "coordinates": [[[16.682433, 51.704876], [16.642016, 51.683465], [16.643248, 51.660723], [16.783478, 51.640987], [16.766065, 51.627725], [16.828372, 51.572188], [16.887265, 51.581017], [16.928181, 51.55232], [16.990561, 51.549965], [17.214674, 51.57385], [17.215474, 51.629559], [17.257433, 51.642843], [17.234794, 51.668592], [17.128191, 51.702048], [17.079387, 51.719671], [16.995824, 51.69554], [16.959678, 51.712293], [16.892058, 51.693329], [16.861476, 51.73054], [16.814812, 51.744003], [16.72896, 51.733507], [16.682433, 51.704876]]]}}, {"id": "21", "type": "Feature", "properties": {"areaName": "powiat konecki", "include": false}, "geometry": {"type": "Polygon", "coordinates": [[[19.994088, 51.184059], [20.025756, 51.164543], [19.988326, 51.139469], [19.981726, 51.073136], [20.04547, 51.068567], [20.039448, 50.990275], [20.118023, 50.984585], [20.192337, 50.974757], [20.241344, 51.010414], [20.27805, 50.99209], [20.344615, 51.001496], [20.384896, 51.033936], [20.452078, 51.052735], [20.604724, 51.051372], [20.603928, 51.078015], [20.668673, 51.108753], [20.685695, 51.151208], [20.70035, 51.195989], [20.610047, 51.242426], [20.543686, 51.231156], [20.501564, 51.286932], [20.508024, 51.330621], [20.432846, 51.339376], [20.364462, 51.30757], [20.390422, 51.272204], [20.256067, 51.236627], [20.251652, 51.206742], [20.12092, 51.190723], [20.025818, 51.200421], [19.994088, 51.184059]]]}}, {"id": "22", "type": "Feature", "properties": {"areaName": "powiat siemiatycki", "include": true}, "geometry": {"type": "Polygon", "coordinates": [[[22.458327, 52.586318], [22.526677, 52.521176], [22.51011, 52.490238], [22.54188, 52.42421], [22.562851, 52.410534], [22.720449, 52.372263], [22.752599, 52.383983], [22.849523, 52.358581], [22.919726, 52.374478], [22.957157, 52.368236], [22.995584, 52.331893], [23.038068, 52.329246], [23.07549, 52.282137], [23.128409, 52.287841], [23.178334, 52.283141], [23.215579, 52.329655], [23.313916, 52.42669], [23.277032, 52.446272], [23.256858, 52.490241], [23.314938, 52.501292], [23.267107, 52.531343], [23.192468, 52.543403], [23.174813, 52.565963], [23.115016, 52.583754], [22.993588, 52.577273], [22.938556, 52.591255], [22.880806, 52.644703], [22.743189, 52.687912], [22.717349, 52.6746], [22.698112, 52.630866], [22.603776, 52.599175], [22.4838, 52.617762], [22.458327, 52.586318]]]}}, {"id": "23", "type": "Feature", "properties": {"areaName": "powiat sejne\u0144ski", "include": true}, "geometry": {"type": "Polygon", "coordinates": [[[23.127825, 54.020527], [23.079892, 53.961879], [23.163743, 53.951446], [23.226222, 53.959472], [23.373978, 53.933954], [23.394916, 53.907388], [23.463499, 53.894881], [23.511589, 53.915868], [23.516344, 53.957942], [23.480697, 53.998015], [23.524878, 54.03108], [23.528601, 54.06578], [23.492616, 54.117007], [23.485858, 54.153234], [23.424473, 54.177529], [23.381284, 54.228935], [23.337519, 54.251724], [23.233884, 54.26091], [23.202421, 54.288626], [23.154312, 54.297005], [23.108708, 54.245379], [23.153448, 54.19769], [23.079982, 54.135777], [23.08334, 54.107426], [23.146632, 54.079475], [23.127825, 54.020527]]]}}, {"id": "24", "type": "Feature", "properties": {"areaName": "powiat sanocki", "include": true}, "geometry": {"type": "Polygon", "coordinates": [[[21.963895, 49.617858], [21.926441, 49.616226], [21.915425, 49.582117], [21.923698, 49.533185], [21.969294, 49.488511], [21.920182, 49.452997], [21.93385, 49.383307], [21.952278, 49.350022], [21.98318, 49.310366], [22.03402, 49.278546], [22.030419, 49.22517], [22.193047, 49.174422], [22.221925, 49.184427], [22.249051, 49.24298], [22.1949, 49.267624], [22.187132, 49.30772], [22.275015, 49.429403], [22.283049, 49.484612], [22.350207, 49.55028], [22.395914, 49.527457], [22.422976, 49.553536], [22.427904, 49.593172], [22.382354, 49.613434], [22.388902, 49.634972], [22.341054, 49.657989], [22.32707, 49.685728], [22.312054, 49.667566], [22.21542, 49.62755], [22.190914, 49.650705], [22.113638, 49.654924], [22.064615, 49.621837], [22.012516, 49.636619], [21.963895, 49.617858]]]}}, {"id": "25", "type": "Feature", "properties": {"areaName": "powiat choszcze\u0144ski", "include": true}, "geometry": {"type": "Polygon", "coordinates": [[[15.205756, 53.081833], [15.205704, 53.043947], [15.282753, 53.009145], [15.286798, 52.957126], [15.362999, 52.944041], [15.388803, 52.971581], [15.554902, 53.011285], [15.572224, 52.98686], [15.633436, 52.976376], [15.681895, 52.997192], [15.766726, 52.998764], [15.811489, 53.08436], [15.848227, 53.115259], [15.911825, 53.12391], [15.982018, 53.115506], [15.962861, 53.129088], [15.980049, 53.172102], [16.023277, 53.226841], [16.003578, 53.240092], [15.98584, 53.217388], [15.822728, 53.226297], [15.766506, 53.31408], [15.684615, 53.288117], [15.614788, 53.292516], [15.584765, 53.343334], [15.52065, 53.332397], [15.474296, 53.31119], [15.457713, 53.233438], [15.415383, 53.246729], [15.282618, 53.252619], [15.254067, 53.218318], [15.318681, 53.208216], [15.323083, 53.130909], [15.267949, 53.094738], [15.205756, 53.081833]]]}}, {"id": "26", "type": "Feature", "properties": {"areaName": "powiat chrzanowski", "include": true}, "geometry": {"type": "Polygon", "coordinates": [[[19.259178, 50.116934], [19.286284, 50.09559], [19.297618, 50.057016], [19.403362, 50.029571], [19.510544, 50.025599], [19.560339, 50.012056], [19.606603, 50.034268], [19.605491, 50.062268], [19.550573, 50.099064], [19.531908, 50.14067], [19.588736, 50.198148], [19.4831, 50.229139], [19.441976, 50.226574], [19.364393, 50.19058], [19.349954, 50.150617], [19.270704, 50.143823], [19.259178, 50.116934]]]}}, {"id": "27", "type": "Feature", "properties": {"areaName": "powiat cieszy\u0144ski", "include": true}, "geometry": {"type": "Polygon", "coordinates": [[[18.575675, 49.91041], [18.566016, 49.883078], [18.603877, 49.857111], [18.569453, 49.834424], [18.629247, 49.746928], [18.6417, 49.71229], [18.709558, 49.704494], [18.717069, 49.683512], [18.780614, 49.685367], [18.80637, 49.65119], [18.837448, 49.569192], [18.859182, 49.550584], [18.837228, 49.523629], [18.946583, 49.51737], [18.981594, 49.539198], [18.984044, 49.587025], [19.017275, 49.622341], [19.001481, 49.656646], [18.954534, 49.678913], [18.993874, 49.710425], [18.986386, 49.736683], [18.954594, 49.744151], [18.85714, 49.792423], [18.832972, 49.834698], [18.840256, 49.877253], [18.881717, 49.887322], [18.890565, 49.911949], [18.851737, 49.920226], [18.778242, 49.912071], [18.751328, 49.93586], [18.71034, 49.922797], [18.722221, 49.897554], [18.667474, 49.886013], [18.629587, 49.899872], [18.575675, 49.91041]]]}}, {"id": "28", "type": "Feature", "properties": {"areaName": "Jastrz\u0119bie-Zdr\u00f3j", "include": true}, "geometry": {"type": "Polygon", "coordinates": [[[18.589974, 49.998857], [18.539584, 49.925745], [18.575675, 49.91041], [18.629587, 49.899872], [18.669395, 49.914052], [18.686409, 49.951629], [18.650212, 49.958648], [18.679679, 50.00477], [18.610987, 50.018367], [18.589974, 49.998857]]]}}, {"id": "29", "type": "Feature", "properties": {"areaName": "powiat brzezi\u0144ski", "include": true}, "geometry": {"type": "Polygon", "coordinates": [[[19.660656, 51.853701], [19.680087, 51.779001], [19.73062, 51.750132], [19.810163, 51.779132], [19.922751, 51.778452], [19.939679, 51.73973], [19.981407, 51.741043], [20.015976, 51.773186], [19.987251, 51.780322], [20.014308, 51.826853], [19.922694, 51.849594], [19.876119, 51.872341], [19.868187, 51.915994], [19.840031, 51.952023], [19.724329, 51.946522], [19.677163, 51.891246], [19.660656, 51.853701]]]}}, {"id": "30", "type": "Feature", "properties": {"areaName": "powiat brzozowski", "include": true}, "geometry": {"type": "Polygon", "coordinates": [[[22.32707, 49.685728], [22.27243, 49.707061], [22.294471, 49.744582], [22.206209, 49.795636], [22.171201, 49.781446], [22.124617, 49.805222], [22.098111, 49.835506], [22.020216, 49.837621], [21.945285, 49.813306], [21.894785, 49.781095], [21.854005, 49.754805], [21.912081, 49.72476], [21.882363, 49.703171], [21.851956, 49.64392], [21.963895, 49.617858], [22.012516, 49.636619], [22.064615, 49.621837], [22.113638, 49.654924], [22.190914, 49.650705], [22.21542, 49.62755], [22.312054, 49.667566], [22.32707, 49.685728]]]}}, {"id": "31", "type": "Feature", "properties": {"areaName": "powiat grodziski", "include": true}, "geometry": {"type": "Polygon", "coordinates": [[[16.072692, 52.243676], [16.087384, 52.175789], [16.145189, 52.171523], [16.150297, 52.14696], [16.21451, 52.102234], [16.252216, 52.094156], [16.283172, 52.057926], [16.339849, 52.08381], [16.376661, 52.054549], [16.446212, 52.033683], [16.46609, 52.082098], [16.524391, 52.094603], [16.567091, 52.122586], [16.603082, 52.171046], [16.595198, 52.215849], [16.607207, 52.256111], [16.588612, 52.281168], [16.512668, 52.269904], [16.457163, 52.268388], [16.420069, 52.248765], [16.299532, 52.287221], [16.173508, 52.268077], [16.163795, 52.226452], [16.072692, 52.243676]]]}}, {"id": "32", "type": "Feature", "properties": {"areaName": "powiat kamiennog\u00f3rski", "include": true}, "geometry": {"type": "Polygon", "coordinates": [[[15.831916, 50.742721], [15.863343, 50.68147], [15.885076, 50.67535], [15.967167, 50.691723], [15.990908, 50.683414], [16.024693, 50.598698], [16.1073, 50.662072], [16.164716, 50.68312], [16.067573, 50.791376], [16.07221, 50.83109], [16.103011, 50.858873], [16.075465, 50.88443], [16.000498, 50.899424], [15.961978, 50.894627], [15.95716, 50.848528], [15.888759, 50.804192], [15.861745, 50.745336], [15.831916, 50.742721]]]}}, {"id": "33", "type": "Feature", "properties": {"areaName": "powiat kazimierski", "include": true}, "geometry": {"type": "Polygon", "coordinates": [[[20.774728, 50.277705], [20.688112, 50.289682], [20.626523, 50.331308], [20.543003, 50.338641], [20.501242, 50.386767], [20.42485, 50.35313], [20.373123, 50.356442], [20.305328, 50.335886], [20.292623, 50.322199], [20.328441, 50.318738], [20.330784, 50.267527], [20.367593, 50.248694], [20.384709, 50.207593], [20.415518, 50.191237], [20.477365, 50.199297], [20.518564, 50.188606], [20.557218, 50.201638], [20.681534, 50.205906], [20.727988, 50.242752], [20.774728, 50.277705]]]}}, {"id": "34", "type": "Feature", "properties": {"areaName": "powiat k\u0142obucki", "include": true}, "geometry": {"type": "Polygon", "coordinates": [[[18.615877, 50.853588], [18.622028, 50.835434], [18.732392, 50.792131], [18.804536, 50.797527], [18.848681, 50.766057], [18.864768, 50.799226], [18.941607, 50.821031], [18.985158, 50.811973], [19.02934, 50.823251], [19.088921, 50.865457], [19.060167, 50.915508], [19.093984, 50.923604], [19.079313, 50.963016], [19.119198, 50.971964], [19.123561, 50.999599], [19.104485, 51.026208], [19.016712, 51.051861], [19.011631, 51.066506], [18.916769, 51.096105], [18.89551, 51.066628], [18.857389, 51.072598], [18.767842, 51.06475], [18.672951, 51.056902], [18.695487, 51.015776], [18.656179, 51.005013], [18.663569, 50.970473], [18.612385, 50.955138], [18.65495, 50.916579], [18.615877, 50.853588]]]}}, {"id": "35", "type": "Feature", "properties": {"areaName": "powiat ko\u015bcia\u0144ski", "include": true}, "geometry": {"type": "Polygon", "coordinates": [[[16.446212, 52.033683], [16.452547, 52.008051], [16.426398, 51.973694], [16.449279, 51.947335], [16.69124, 51.967781], [16.815113, 51.944172], [16.860127, 51.927163], [16.924766, 51.935102], [17.004706, 51.98021], [16.876102, 52.067084], [16.858139, 52.115213], [16.790238, 52.140711], [16.799396, 52.176766], [16.74135, 52.215393], [16.710247, 52.193536], [16.661719, 52.208814], [16.603082, 52.171046], [16.567091, 52.122586], [16.524391, 52.094603], [16.46609, 52.082098], [16.446212, 52.033683]]]}}, {"id": "36", "type": "Feature", "properties": {"areaName": "powiat ko\u015bcierski", "include": true}, "geometry": {"type": "Polygon", "coordinates": [[[17.64686, 54.025863], [17.681741, 53.995907], [17.724372, 54.001604], [17.75842, 53.957252], [17.812474, 53.940761], [17.79756, 53.915026], [17.869428, 53.88617], [17.867842, 53.835837], [18.030438, 53.901725], [18.106378, 53.925514], [18.16265, 53.95974], [18.219365, 53.942021], [18.274827, 53.953674], [18.33602, 53.996578], [18.288588, 54.032247], [18.361205, 54.060437], [18.329047, 54.082384], [18.327088, 54.140934], [18.232398, 54.167341], [18.222814, 54.188036], [18.088118, 54.199436], [18.060266, 54.179729], [17.992444, 54.198036], [17.908268, 54.174309], [17.862445, 54.19107], [17.800194, 54.178172], [17.721402, 54.128202], [17.737523, 54.103137], [17.679712, 54.090536], [17.64686, 54.025863]]]}}, {"id": "37", "type": "Feature", "properties": {"areaName": "powiat ciechanowski", "include": true}, "geometry": {"type": "Polygon", "coordinates": [[[20.264331, 52.847507], [20.214722, 52.823563], [20.21594, 52.796792], [20.264013, 52.777284], [20.295184, 52.78532], [20.402127, 52.730184], [20.466053, 52.732371], [20.507848, 52.706764], [20.569444, 52.713712], [20.582963, 52.733081], [20.69402, 52.717374], [20.728256, 52.704504], [20.781848, 52.713333], [20.802658, 52.757166], [20.910364, 52.756434], [20.940655, 52.809906], [20.880672, 52.843079], [20.861727, 52.869924], [20.836032, 52.908037], [20.785619, 52.943577], [20.782608, 52.977227], [20.699071, 52.98785], [20.668768, 53.025828], [20.668047, 53.087481], [20.622099, 53.104762], [20.570231, 53.074086], [20.585295, 53.036678], [20.527411, 52.994932], [20.440921, 52.950158], [20.391298, 52.860553], [20.311718, 52.840398], [20.264331, 52.847507]]]}}, {"id": "38", "type": "Feature", "properties": {"areaName": "powiat cz\u0119stochowski", "include": true}, "geometry": {"type": "Polygon", "coordinates": [[[19.088921, 50.865457], [19.129512, 50.854571], [19.180369, 50.864948], [19.193052, 50.83348], [19.232089, 50.822887], [19.225294, 50.788297], [19.193918, 50.752184], [19.145733, 50.758366], [19.042594, 50.744751], [19.011326, 50.7876], [19.02934, 50.823251], [18.985158, 50.811973], [18.941607, 50.821031], [18.864768, 50.799226], [18.848681, 50.766057], [18.917673, 50.76522], [18.913007, 50.733376], [19.003924, 50.665447], [19.097519, 50.635151], [19.17835, 50.649197], [19.18163, 50.682941], [19.24518, 50.704395], [19.299164, 50.68024], [19.339765, 50.691132], [19.430455, 50.681068], [19.473993, 50.686363], [19.554476, 50.653588], [19.623301, 50.658026], [19.680693, 50.66313], [19.73264, 50.637013], [19.786376, 50.668436], [19.732792, 50.696765], [19.712954, 50.729156], [19.795518, 50.78384], [19.819418, 50.838554], [19.74706, 50.86597], [19.727901, 50.843278], [19.682928, 50.845218], [19.661262, 50.874523], [19.613854, 50.877241], [19.56433, 50.907584], [19.486333, 50.879666], [19.464787, 50.927337], [19.389253, 51.001248], [19.329246, 51.01315], [19.322687, 51.046191], [19.243142, 51.036845], [19.240733, 50.990394], [19.206472, 50.985524], [19.123561, 50.999599], [19.119198, 50.971964], [19.079313, 50.963016], [19.093984, 50.923604], [19.060167, 50.915508], [19.088921, 50.865457]]]}}, {"id": "39", "type": "Feature", "properties": {"areaName": "powiat cz\u0142uchowski", "include": true}, "geometry": {"type": "Polygon", "coordinates": [[[16.982078, 53.904897], [16.976322, 53.879648], [16.872403, 53.868664], [16.873957, 53.831832], [16.91041, 53.819848], [16.930758, 53.777251], [16.857652, 53.747089], [16.892246, 53.655871], [16.894328, 53.628133], [16.950396, 53.55726], [17.000701, 53.552022], [17.012328, 53.520038], [17.058509, 53.520426], [17.089782, 53.542727], [17.161057, 53.527833], [17.281627, 53.534006], [17.350778, 53.493481], [17.390653, 53.490964], [17.431332, 53.592451], [17.466406, 53.601539], [17.521076, 53.715872], [17.475085, 53.739787], [17.437816, 53.787845], [17.355286, 53.808711], [17.342282, 53.861342], [17.297768, 53.872892], [17.227271, 53.955954], [17.23175, 53.981723], [17.126399, 54.00814], [17.049214, 53.964533], [16.982078, 53.904897]]]}}, {"id": "40", "type": "Feature", "properties": {"areaName": "powiat d\u0119bicki", "include": true}, "geometry": {"type": "Polygon", "coordinates": [[[21.152392, 50.147641], [21.180968, 50.117839], [21.177089, 50.071443], [21.151392, 50.045322], [21.192905, 50.029259], [21.155677, 50.004466], [21.150435, 49.976483], [21.179707, 49.928329], [21.283909, 49.925028], [21.28, 49.892281], [21.22538, 49.883677], [21.224743, 49.852962], [21.297149, 49.842864], [21.34718, 49.837819], [21.376706, 49.867875], [21.40703, 49.828578], [21.477461, 49.840503], [21.487629, 49.879205], [21.523526, 49.892913], [21.501231, 49.943801], [21.464183, 49.99321], [21.524499, 50.028918], [21.497622, 50.050388], [21.567953, 50.129801], [21.511235, 50.161538], [21.39738, 50.164448], [21.274081, 50.149303], [21.221313, 50.133933], [21.153315, 50.149184], [21.152392, 50.147641]]]}}, {"id": "41", "type": "Feature", "properties": {"areaName": "powiat drawski", "include": true}, "geometry": {"type": "Polygon", "coordinates": [[[16.003578, 53.240092], [16.076158, 53.2891], [16.048451, 53.319856], [16.007893, 53.311232], [15.972744, 53.374619], [16.009342, 53.403772], [16.061705, 53.407266], [16.151269, 53.37624], [16.217549, 53.39591], [16.319188, 53.407111], [16.439804, 53.459285], [16.454472, 53.488474], [16.457433, 53.508537], [16.417478, 53.550383], [16.359559, 53.554181], [16.303133, 53.591116], [16.30196, 53.630491], [16.233632, 53.693937], [16.120577, 53.668165], [16.066632, 53.691294], [16.030313, 53.659508], [15.943139, 53.678592], [15.92718, 53.653322], [15.790881, 53.660003], [15.799971, 53.639567], [15.700453, 53.536593], [15.704855, 53.497521], [15.699423, 53.474216], [15.603366, 53.429817], [15.584765, 53.343334], [15.614788, 53.292516], [15.684615, 53.288117], [15.766506, 53.31408], [15.822728, 53.226297], [15.98584, 53.217388], [16.003578, 53.240092]]]}}, {"id": "42", "type": "Feature", "properties": {"areaName": "powiat dzia\u0142dowski", "include": true}, "geometry": {"type": "Polygon", "coordinates": [[[19.718123, 53.302068], [19.691855, 53.252162], [19.752741, 53.212558], [19.741681, 53.188556], [19.761595, 53.151796], [19.841069, 53.140993], [19.825422, 53.173277], [19.913422, 53.211462], [19.907392, 53.177013], [19.978165, 53.143915], [20.104142, 53.168057], [20.135125, 53.142457], [20.16526, 53.155775], [20.29026, 53.139114], [20.370117, 53.177292], [20.411105, 53.214106], [20.388077, 53.23798], [20.338032, 53.222887], [20.247621, 53.238239], [20.256647, 53.283969], [20.179848, 53.33044], [20.201138, 53.395155], [20.134551, 53.424084], [20.092127, 53.378487], [19.980243, 53.41274], [19.948018, 53.438351], [19.904018, 53.43602], [19.860644, 53.429215], [19.829481, 53.397225], [19.848986, 53.353547], [19.794466, 53.352377], [19.788519, 53.326875], [19.718123, 53.302068]]]}}, {"id": "43", "type": "Feature", "properties": {"areaName": "powiat e\u0142cki", "include": true}, "geometry": {"type": "Polygon", "coordinates": [[[22.165933, 54.003842], [22.114077, 53.980496], [22.08749, 53.9402], [22.144765, 53.865011], [22.059619, 53.85989], [22.123154, 53.825071], [22.129989, 53.784702], [22.192707, 53.762906], [22.222869, 53.711307], [22.178676, 53.67034], [22.305639, 53.62676], [22.423042, 53.681536], [22.514088, 53.699122], [22.696802, 53.761589], [22.726728, 53.803526], [22.726712, 53.833174], [22.779018, 53.8656], [22.778323, 53.92285], [22.723744, 53.952569], [22.625742, 53.935551], [22.594796, 53.902518], [22.489806, 53.891227], [22.439614, 53.904278], [22.416595, 53.937726], [22.276667, 53.940721], [22.206049, 54.002387], [22.165933, 54.003842]]]}}, {"id": "44", "type": "Feature", "properties": {"areaName": "powiat k\u0142odzki", "include": true}, "geometry": {"type": "Polygon", "coordinates": [[[16.377895, 50.636895], [16.444361, 50.584081], [16.404056, 50.564592], [16.40178, 50.529887], [16.345513, 50.495937], [16.205121, 50.448715], [16.221846, 50.406921], [16.29922, 50.380847], [16.360659, 50.37956], [16.361182, 50.353546], [16.399238, 50.319282], [16.431079, 50.32468], [16.522809, 50.23943], [16.557593, 50.219562], [16.561383, 50.163578], [16.64126, 50.11219], [16.70603, 50.096584], [16.745043, 50.134725], [16.782779, 50.145126], [16.812938, 50.191353], [16.898648, 50.22266], [16.998023, 50.216082], [17.002533, 50.30223], [16.934426, 50.329862], [16.907084, 50.391274], [16.860324, 50.40775], [16.808382, 50.399781], [16.767402, 50.425595], [16.736408, 50.475626], [16.707894, 50.476414], [16.675956, 50.530142], [16.641965, 50.549734], [16.583137, 50.628261], [16.479655, 50.681068], [16.436639, 50.648223], [16.377895, 50.636895]]]}}, {"id": "45", "type": "Feature", "properties": {"areaName": "powiat wielu\u0144ski", "include": true}, "geometry": {"type": "Polygon", "coordinates": [[[18.672951, 51.056902], [18.767842, 51.06475], [18.756357, 51.11254], [18.779434, 51.16541], [18.817545, 51.164214], [18.827236, 51.198246], [18.787581, 51.21463], [18.802769, 51.254212], [18.866336, 51.280634], [18.861283, 51.323381], [18.897471, 51.364372], [18.893212, 51.383698], [18.803023, 51.410542], [18.767137, 51.365714], [18.660279, 51.358558], [18.561138, 51.383634], [18.547805, 51.34042], [18.405742, 51.316608], [18.40157, 51.277323], [18.369846, 51.264142], [18.3475, 51.186654], [18.349731, 51.137174], [18.498737, 51.099579], [18.520825, 51.14026], [18.553719, 51.138784], [18.577605, 51.081922], [18.672951, 51.056902]]]}}, {"id": "46", "type": "Feature", "properties": {"areaName": "Warszawa", "include": true}, "geometry": {"type": "Polygon", "coordinates": [[[20.915136, 52.35403], [20.922058, 52.323735], [20.876184, 52.298703], [20.890771, 52.247051], [20.853065, 52.197195], [20.867202, 52.182496], [20.985028, 52.139075], [20.986268, 52.117606], [21.079977, 52.097851], [21.164958, 52.144727], [21.248752, 52.153036], [21.25049, 52.222561], [21.250469, 52.262692], [21.190453, 52.256199], [21.170579, 52.276942], [21.105009, 52.273994], [21.085202, 52.337402], [21.073809, 52.367288], [21.023439, 52.357431], [20.943621, 52.36636], [20.915136, 52.35403]]]}}, {"id": "47", "type": "Feature", "properties": {"areaName": "W\u0142oc\u0142awek", "include": true}, "geometry": {"type": "Polygon", "coordinates": [[[18.98249, 52.735972], [18.939434, 52.696635], [19.017536, 52.675892], [19.029623, 52.626578], [19.106159, 52.612946], [19.149647, 52.626464], [19.17629, 52.655926], [19.182608, 52.661324], [19.109108, 52.668937], [19.00091, 52.714149], [18.98249, 52.735972]]]}}, {"id": "48", "type": "Feature", "properties": {"areaName": "Wroc\u0142aw", "include": true}, "geometry": {"type": "Polygon", "coordinates": [[[16.90508, 51.209458], [16.807339, 51.138948], [16.830656, 51.111804], [16.919176, 51.081612], [16.955144, 51.058748], [17.027867, 51.042675], [17.095762, 51.05935], [17.111413, 51.079228], [17.176219, 51.10632], [17.136883, 51.127829], [17.156084, 51.175364], [17.100286, 51.175856], [17.065396, 51.164921], [17.000915, 51.197469], [16.90508, 51.209458]]]}}, {"id": "49", "type": "Feature", "properties": {"areaName": "powiat leski", "include": true}, "geometry": {"type": "Polygon", "coordinates": [[[22.221925, 49.184427], [22.248492, 49.153044], [22.320531, 49.135577], [22.369668, 49.145465], [22.41388, 49.102079], [22.485956, 49.088891], [22.545584, 49.092004], [22.536909, 49.122661], [22.553062, 49.156636], [22.480429, 49.185262], [22.449338, 49.248441], [22.516544, 49.341585], [22.474248, 49.37697], [22.484157, 49.43609], [22.533635, 49.462759], [22.475691, 49.490219], [22.495614, 49.5208], [22.422976, 49.553536], [22.395914, 49.527457], [22.350207, 49.55028], [22.283049, 49.484612], [22.275015, 49.429403], [22.187132, 49.30772], [22.1949, 49.267624], [22.249051, 49.24298], [22.221925, 49.184427]]]}}, {"id": "50", "type": "Feature", "properties": {"areaName": "powiat w\u0119gorzewski", "include": true}, "geometry": {"type": "Polygon", "coordinates": [[[21.559322, 54.322504], [21.564499, 54.27789], [21.537948, 54.243532], [21.594978, 54.195583], [21.553532, 54.185921], [21.573692, 54.146373], [21.531085, 54.122743], [21.562193, 54.080842], [21.608847, 54.115485], [21.774443, 54.09205], [21.824972, 54.100578], [21.899809, 54.092341], [21.937588, 54.128697], [22.025099, 54.139108], [22.022705, 54.172473], [21.962408, 54.241084], [21.987787, 54.256069], [21.938023, 54.333318], [21.796705, 54.331786], [21.559322, 54.322504]]]}}, {"id": "51", "type": "Feature", "properties": {"areaName": "powiat jaroci\u0144ski", "include": true}, "geometry": {"type": "Polygon", "coordinates": [[[17.326337, 52.010471], [17.32351, 51.987131], [17.222332, 51.98771], [17.18865, 51.967512], [17.240924, 51.952237], [17.313633, 51.912209], [17.336794, 51.885592], [17.397379, 51.8734], [17.44114, 51.896483], [17.514028, 51.90084], [17.684916, 51.885425], [17.707008, 51.925612], [17.711563, 51.997995], [17.696948, 52.06305], [17.661168, 52.098397], [17.662962, 52.141695], [17.547811, 52.144536], [17.514385, 52.124137], [17.492136, 52.050454], [17.407289, 52.013392], [17.326337, 52.010471]]]}}, {"id": "52", "type": "Feature", "properties": {"areaName": "powiat jaros\u0142awski", "include": true}, "geometry": {"type": "Polygon", "coordinates": [[[22.797826, 50.209437], [22.725865, 50.19281], [22.7563, 50.167039], [22.669787, 50.128832], [22.584188, 50.132258], [22.600457, 50.041815], [22.551213, 50.011545], [22.565206, 49.965705], [22.470027, 49.944849], [22.418359, 49.888284], [22.48016, 49.848763], [22.591491, 49.837388], [22.669621, 49.869024], [22.671874, 49.897853], [22.75542, 49.920002], [22.782138, 49.895434], [22.82717, 49.905644], [22.893784, 49.887662], [22.958159, 49.949345], [23.092851, 49.928769], [23.154279, 49.981162], [23.038548, 49.996475], [23.047624, 50.041199], [23.031726, 50.055796], [22.953681, 50.073796], [22.91535, 50.098748], [22.935859, 50.169525], [22.879964, 50.163515], [22.868997, 50.189612], [22.797826, 50.209437]]]}}, {"id": "53", "type": "Feature", "properties": {"areaName": "Cz\u0119stochowa", "include": true}, "geometry": {"type": "Polygon", "coordinates": [[[19.02934, 50.823251], [19.011326, 50.7876], [19.042594, 50.744751], [19.145733, 50.758366], [19.193918, 50.752184], [19.225294, 50.788297], [19.232089, 50.822887], [19.193052, 50.83348], [19.180369, 50.864948], [19.129512, 50.854571], [19.088921, 50.865457], [19.02934, 50.823251]]]}}, {"id": "54", "type": "Feature", "properties": {"areaName": "D\u0105browa G\u00f3rnicza", "include": true}, "geometry": {"type": "Polygon", "coordinates": [[[19.249771, 50.436914], [19.218841, 50.401574], [19.182929, 50.386321], [19.189558, 50.354159], [19.16561, 50.313372], [19.198614, 50.316806], [19.285135, 50.291693], [19.406558, 50.317379], [19.483944, 50.323597], [19.459388, 50.363285], [19.407211, 50.360707], [19.34595, 50.396326], [19.295946, 50.394208], [19.29257, 50.423294], [19.249771, 50.436914]]]}}, {"id": "55", "type": "Feature", "properties": {"areaName": "powiat lubliniecki", "include": true}, "geometry": {"type": "Polygon", "coordinates": [[[18.513204, 50.630723], [18.601727, 50.604453], [18.707693, 50.587669], [18.747098, 50.595323], [18.841235, 50.547703], [18.871075, 50.56777], [18.815773, 50.587739], [18.846477, 50.617061], [18.906173, 50.576568], [19.029937, 50.561658], [19.019996, 50.528654], [19.079062, 50.50791], [19.077172, 50.555802], [19.105318, 50.587051], [19.07336, 50.616077], [19.097519, 50.635151], [19.003924, 50.665447], [18.913007, 50.733376], [18.917673, 50.76522], [18.848681, 50.766057], [18.804536, 50.797527], [18.732392, 50.792131], [18.622028, 50.835434], [18.615877, 50.853588], [18.557972, 50.834084], [18.521887, 50.80236], [18.550028, 50.759576], [18.548303, 50.732024], [18.483883, 50.708263], [18.513267, 50.658087], [18.513204, 50.630723]]]}}, {"id": "56", "type": "Feature", "properties": {"areaName": "powiat lw\u00f3wecki", "include": true}, "geometry": {"type": "Polygon", "coordinates": [[[15.276998, 50.894604], [15.309675, 50.86149], [15.36819, 50.836041], [15.439173, 50.852319], [15.456218, 50.884835], [15.525205, 50.940859], [15.638124, 50.949183], [15.67213, 50.959333], [15.6983, 50.997467], [15.737747, 51.011436], [15.766406, 51.039037], [15.719926, 51.106946], [15.727231, 51.13962], [15.697784, 51.159265], [15.642883, 51.184631], [15.565283, 51.199292], [15.478472, 51.175322], [15.487556, 51.14942], [15.42833, 51.120168], [15.415479, 51.074828], [15.378212, 51.024204], [15.306918, 50.987362], [15.33156, 50.962882], [15.346135, 50.905636], [15.276998, 50.894604]]]}}, {"id": "57", "type": "Feature", "properties": {"areaName": "powiat augustowski", "include": true}, "geometry": {"type": "Polygon", "coordinates": [[[23.127825, 54.020527], [23.037078, 54.009552], [22.988292, 54.0163], [22.871815, 53.996228], [22.886665, 53.968292], [22.821937, 53.927574], [22.778323, 53.92285], [22.779018, 53.8656], [22.726712, 53.833174], [22.726728, 53.803526], [22.696802, 53.761589], [22.744206, 53.729452], [22.727188, 53.695483], [22.786759, 53.681022], [22.844177, 53.686597], [22.877637, 53.674754], [22.89927, 53.570064], [22.929799, 53.58488], [23.053192, 53.63429], [23.074843, 53.664677], [23.217619, 53.7128], [23.317237, 53.710807], [23.339942, 53.721957], [23.428118, 53.700336], [23.49009, 53.697021], [23.532092, 53.710236], [23.588702, 53.695928], [23.582129, 53.74382], [23.54905, 53.76778], [23.552353, 53.840788], [23.528313, 53.860716], [23.511589, 53.915868], [23.463499, 53.894881], [23.394916, 53.907388], [23.373978, 53.933954], [23.226222, 53.959472], [23.163743, 53.951446], [23.079892, 53.961879], [23.127825, 54.020527]]]}}, {"id": "58", "type": "Feature", "properties": {"areaName": "Rzesz\u00f3w", "include": true}, "geometry": {"type": "Polygon", "coordinates": [[[21.858684, 50.042823], [21.936186, 50.032325], [21.958257, 49.957611], [22.033849, 49.970626], [22.066724, 50.071846], [21.951821, 50.076995], [21.923128, 50.056633], [21.858684, 50.042823]]]}}, {"id": "59", "type": "Feature", "properties": {"areaName": "powiat piski", "include": true}, "geometry": {"type": "Polygon", "coordinates": [[[22.059619, 53.85989], [22.008497, 53.878853], [21.94956, 53.858733], [21.898743, 53.892809], [21.850488, 53.880098], [21.743825, 53.891932], [21.711206, 53.863183], [21.732631, 53.825225], [21.680247, 53.722339], [21.614987, 53.765342], [21.519491, 53.723627], [21.462149, 53.721855], [21.475961, 53.632022], [21.421576, 53.638238], [21.422881, 53.603464], [21.455978, 53.509288], [21.55169, 53.478128], [21.612953, 53.480834], [21.686735, 53.492757], [21.79061, 53.479269], [21.858455, 53.458916], [21.901983, 53.493162], [21.989932, 53.522107], [22.05049, 53.52512], [22.135728, 53.54454], [22.194327, 53.566226], [22.305639, 53.62676], [22.178676, 53.67034], [22.222869, 53.711307], [22.192707, 53.762906], [22.129989, 53.784702], [22.123154, 53.825071], [22.059619, 53.85989]]]}}, {"id": "60", "type": "Feature", "properties": {"areaName": "powiat pleszewski", "include": true}, "geometry": {"type": "Polygon", "coordinates": [[[17.514028, 51.90084], [17.530372, 51.838585], [17.604224, 51.820223], [17.646726, 51.795645], [17.727807, 51.816387], [17.771591, 51.789571], [17.809826, 51.799082], [17.933557, 51.778279], [17.990292, 51.778255], [18.009661, 51.759668], [18.042517, 51.779474], [18.015412, 51.800133], [18.011936, 51.846398], [17.982798, 51.856096], [17.934502, 51.938233], [17.979967, 51.958934], [17.947184, 52.000052], [17.979747, 52.048077], [17.934634, 52.090853], [17.852659, 52.073383], [17.823542, 52.088116], [17.718725, 52.07594], [17.696948, 52.06305], [17.711563, 51.997995], [17.707008, 51.925612], [17.684916, 51.885425], [17.514028, 51.90084]]]}}, {"id": "61", "type": "Feature", "properties": {"areaName": "powiat p\u0142ocki", "include": true}, "geometry": {"type": "Polygon", "coordinates": [[[19.525836, 52.70374], [19.455044, 52.725675], [19.430323, 52.671562], [19.367898, 52.628334], [19.426104, 52.611446], [19.351452, 52.534978], [19.395674, 52.512855], [19.499802, 52.526072], [19.550222, 52.501616], [19.563826, 52.44119], [19.557379, 52.407846], [19.66805, 52.409881], [19.689026, 52.355371], [19.778623, 52.349632], [19.852787, 52.382313], [19.9573, 52.32755], [19.98276, 52.337573], [20.032358, 52.379956], [20.159716, 52.379928], [20.251023, 52.388088], [20.229882, 52.432402], [20.246766, 52.469353], [20.225917, 52.51341], [20.154622, 52.593511], [20.161916, 52.672084], [20.088482, 52.676588], [20.060984, 52.715343], [20.052578, 52.757977], [19.964, 52.780749], [19.87906, 52.75012], [19.860316, 52.731601], [19.691819, 52.683331], [19.525836, 52.70374]], [[19.624082, 52.518379], [19.650699, 52.597086], [19.728241, 52.582065], [19.76658, 52.533692], [19.695551, 52.473743], [19.624082, 52.518379]]]}}, {"id": "62", "type": "Feature", "properties": {"areaName": "Piotrk\u00f3w Trybunalski", "include": true}, "geometry": {"type": "Polygon", "coordinates": [[[19.622927, 51.379883], [19.74443, 51.3785], [19.740656, 51.44423], [19.6418, 51.43616], [19.622927, 51.379883]]]}}, {"id": "63", "type": "Feature", "properties": {"areaName": "powiat siedlecki", "include": true}, "geometry": {"type": "Polygon", "coordinates": [[[22.562851, 52.410534], [22.540245, 52.365276], [22.491016, 52.319444], [22.381714, 52.314717], [22.300121, 52.301295], [22.271302, 52.317654], [22.213896, 52.303876], [22.114232, 52.313439], [22.076069, 52.338214], [22.092168, 52.314328], [22.042423, 52.293314], [22.04778, 52.209445], [21.941782, 52.216418], [21.906393, 52.181417], [21.936928, 52.13424], [21.946571, 52.078415], [21.870231, 52.036216], [21.887857, 51.990816], [21.889174, 51.973183], [22.051154, 52.020543], [22.076311, 52.005969], [22.138612, 52.006808], [22.151913, 52.028354], [22.25364, 52.004507], [22.285617, 52.019258], [22.344351, 51.996004], [22.380415, 52.016599], [22.455995, 52.029618], [22.483291, 52.067227], [22.608282, 52.036956], [22.622901, 52.018745], [22.661361, 52.036594], [22.648299, 52.090864], [22.577755, 52.136827], [22.589976, 52.180711], [22.628626, 52.199034], [22.673418, 52.242177], [22.670036, 52.268762], [22.72381, 52.280387], [22.740071, 52.345991], [22.720449, 52.372263], [22.562851, 52.410534]], [[22.220546, 52.188975], [22.263962, 52.195697], [22.330957, 52.160535], [22.264532, 52.144278], [22.220546, 52.188975]]]}}, {"id": "64", "type": "Feature", "properties": {"areaName": "Suwa\u0142ki", "include": true}, "geometry": {"type": "Polygon", "coordinates": [[[22.863758, 54.092241], [22.898502, 54.04901], [22.973047, 54.05902], [22.973101, 54.15403], [22.891714, 54.133945], [22.863758, 54.092241]]]}}, {"id": "65", "type": "Feature", "properties": {"areaName": "powiat elbl\u0105ski", "include": true}, "geometry": {"type": "Polygon", "coordinates": [[[19.575983, 53.948311], [19.612321, 53.955976], [19.68376, 53.94115], [19.78864, 53.981801], [19.806914, 54.007091], [19.885595, 54.035215], [20.020471, 54.033037], [20.058202, 54.076934], [20.026274, 54.11454], [19.979002, 54.133944], [19.893068, 54.119038], [19.842598, 54.120884], [19.793698, 54.102375], [19.734691, 54.122794], [19.783365, 54.149882], [19.778193, 54.245014], [19.742794, 54.264712], [19.680019, 54.264769], [19.619138, 54.302026], [19.624783, 54.340953], [19.497028, 54.320916], [19.39832, 54.26379], [19.258571, 54.281629], [19.317456, 54.225725], [19.325877, 54.199986], [19.247142, 54.167295], [19.25781, 54.151231], [19.21733, 54.116318], [19.255355, 54.085736], [19.268261, 54.024124], [19.319908, 54.027269], [19.377835, 53.984761], [19.374325, 53.93536], [19.416731, 53.926304], [19.458675, 53.942054], [19.575983, 53.948311]], [[19.358998, 54.163538], [19.374252, 54.206725], [19.476923, 54.224483], [19.507889, 54.172258], [19.442902, 54.137263], [19.38212, 54.139811], [19.358998, 54.163538]]]}}, {"id": "66", "type": "Feature", "properties": {"areaName": "powiat bia\u0142obrzeski", "include": true}, "geometry": {"type": "Polygon", "coordinates": [[[20.643591, 51.583662], [20.70455, 51.577243], [20.721492, 51.539312], [20.798711, 51.511684], [20.890914, 51.515031], [20.932731, 51.500728], [21.000964, 51.502061], [21.024966, 51.534487], [21.072064, 51.54153], [21.089174, 51.57694], [21.205492, 51.58872], [21.231533, 51.635483], [21.213952, 51.666414], [21.158406, 51.672417], [21.176109, 51.732147], [21.124778, 51.727861], [21.073432, 51.698208], [21.015353, 51.694528], [20.973006, 51.74581], [20.914837, 51.749781], [20.88221, 51.709378], [20.831584, 51.711924], [20.762906, 51.690206], [20.812737, 51.667592], [20.814134, 51.637873], [20.758728, 51.621436], [20.707646, 51.622438], [20.650983, 51.606496], [20.643591, 51.583662]]]}}, {"id": "67", "type": "Feature", "properties": {"areaName": "powiat gi\u017cycki", "include": true}, "geometry": {"type": "Polygon", "coordinates": [[[22.146192, 54.181549], [22.022705, 54.172473], [22.025099, 54.139108], [21.937588, 54.128697], [21.899809, 54.092341], [21.824972, 54.100578], [21.774443, 54.09205], [21.608847, 54.115485], [21.562193, 54.080842], [21.541359, 54.017068], [21.551478, 53.997278], [21.458589, 53.959867], [21.43336, 53.936379], [21.526082, 53.854775], [21.562622, 53.870861], [21.743825, 53.891932], [21.850488, 53.880098], [21.898743, 53.892809], [21.94956, 53.858733], [22.008497, 53.878853], [22.059619, 53.85989], [22.144765, 53.865011], [22.08749, 53.9402], [22.114077, 53.980496], [22.165933, 54.003842], [22.151439, 54.034861], [22.200623, 54.060829], [22.180855, 54.091534], [22.127206, 54.120248], [22.146192, 54.181549]]]}}, {"id": "68", "type": "Feature", "properties": {"areaName": "powiat g\u0142ogowski", "include": true}, "geometry": {"type": "Polygon", "coordinates": [[[15.834259, 51.672189], [15.849712, 51.665197], [15.93314, 51.663063], [15.983284, 51.614098], [16.018119, 51.603166], [15.970349, 51.547914], [16.069729, 51.556178], [16.098453, 51.590827], [16.086064, 51.610777], [16.196419, 51.619125], [16.3037, 51.612983], [16.327718, 51.59841], [16.355435, 51.609153], [16.30851, 51.657124], [16.270096, 51.663544], [16.217539, 51.714644], [16.160031, 51.711712], [16.17783, 51.763968], [16.135833, 51.759497], [16.035237, 51.781681], [15.968105, 51.787907], [15.976578, 51.748119], [15.869526, 51.719662], [15.834259, 51.672189]]]}}, {"id": "69", "type": "Feature", "properties": {"areaName": "powiat g\u0142ubczycki", "include": true}, "geometry": {"type": "Polygon", "coordinates": [[[17.75162, 50.299541], [17.725015, 50.256716], [17.765103, 50.236354], [17.758503, 50.20664], [17.701822, 50.184168], [17.601175, 50.169632], [17.610937, 50.140031], [17.67665, 50.103034], [17.70514, 50.114395], [17.748912, 50.078845], [17.777771, 50.020167], [17.868478, 49.972527], [17.922847, 49.978751], [17.953964, 50.005004], [18.035055, 50.01104], [18.035036, 50.065767], [18.072624, 50.109426], [18.050165, 50.138088], [18.059781, 50.174652], [17.998836, 50.184161], [17.960414, 50.218818], [17.926665, 50.210624], [17.919324, 50.265001], [17.88307, 50.28673], [17.848496, 50.277671], [17.808493, 50.316826], [17.75162, 50.299541]]]}}, {"id": "70", "type": "Feature", "properties": {"areaName": "powiat gnie\u017anie\u0144ski", "include": true}, "geometry": {"type": "Polygon", "coordinates": [[[17.458523, 52.738948], [17.437859, 52.689729], [17.335558, 52.673892], [17.33326, 52.649616], [17.273853, 52.631326], [17.212582, 52.582347], [17.151461, 52.57399], [17.218813, 52.541652], [17.332875, 52.542946], [17.39773, 52.440214], [17.381913, 52.418782], [17.441557, 52.400824], [17.533468, 52.410029], [17.700632, 52.375518], [17.778022, 52.372114], [17.841934, 52.382812], [17.863619, 52.427324], [17.908931, 52.444529], [17.922459, 52.471043], [17.910091, 52.516069], [17.987164, 52.553326], [17.985899, 52.568231], [17.900444, 52.586407], [17.908996, 52.608102], [17.786666, 52.651516], [17.689727, 52.60212], [17.67757, 52.64858], [17.646535, 52.644804], [17.614018, 52.702972], [17.467202, 52.680384], [17.489272, 52.728102], [17.458523, 52.738948]]]}}, {"id": "71", "type": "Feature", "properties": {"areaName": "powiat go\u0142dapski", "include": true}, "geometry": {"type": "Polygon", "coordinates": [[[22.481528, 54.202441], [22.532079, 54.249121], [22.610697, 54.259923], [22.644692, 54.287846], [22.694454, 54.275449], [22.768004, 54.289444], [22.805845, 54.348984], [22.791989, 54.363341], [22.641544, 54.35377], [22.421774, 54.34845], [22.318666, 54.340538], [22.225682, 54.343782], [22.152786, 54.336571], [21.938023, 54.333318], [21.987787, 54.256069], [21.962408, 54.241084], [22.022705, 54.172473], [22.146192, 54.181549], [22.172658, 54.197695], [22.26688, 54.171276], [22.296965, 54.192245], [22.355909, 54.183684], [22.400724, 54.208147], [22.481528, 54.202441]]]}}, {"id": "72", "type": "Feature", "properties": {"areaName": "powiat gorzowski", "include": true}, "geometry": {"type": "Polygon", "coordinates": [[[14.564055, 52.624685], [14.636999, 52.575327], [14.647312, 52.572152], [14.84951, 52.621984], [14.935341, 52.619693], [15.031922, 52.643305], [15.080095, 52.617288], [15.13767, 52.643996], [15.195338, 52.635455], [15.209567, 52.584392], [15.30598, 52.590065], [15.348539, 52.603716], [15.371444, 52.642675], [15.408878, 52.661104], [15.387647, 52.689152], [15.430748, 52.700472], [15.57081, 52.697252], [15.603666, 52.714117], [15.575291, 52.767209], [15.490117, 52.752], [15.456244, 52.776502], [15.424793, 52.839079], [15.446456, 52.861243], [15.42344, 52.88649], [15.33167, 52.90441], [15.276477, 52.882655], [15.071757, 52.830585], [15.040957, 52.859346], [14.904184, 52.883886], [14.858516, 52.828879], [14.865419, 52.791973], [14.815517, 52.774428], [14.791599, 52.697113], [14.72202, 52.632572], [14.658281, 52.642348], [14.638189, 52.659462], [14.564055, 52.624685]], [[15.123394, 52.748409], [15.135296, 52.776949], [15.190634, 52.759105], [15.229813, 52.773686], [15.282178, 52.769387], [15.276002, 52.727313], [15.297634, 52.691769], [15.249694, 52.684164], [15.18431, 52.709776], [15.134981, 52.709807], [15.123394, 52.748409]]]}}, {"id": "73", "type": "Feature", "properties": {"areaName": "powiat be\u0142chatowski", "include": true}, "geometry": {"type": "Polygon", "coordinates": [[[18.866336, 51.280634], [19.000782, 51.287309], [19.032897, 51.278163], [19.091167, 51.295731], [19.097197, 51.236928], [19.18756, 51.24885], [19.221099, 51.224494], [19.312475, 51.184181], [19.394609, 51.195982], [19.416491, 51.258363], [19.459858, 51.286072], [19.498772, 51.370448], [19.46548, 51.40181], [19.481228, 51.442391], [19.43903, 51.465741], [19.456176, 51.510193], [19.414278, 51.525341], [19.329249, 51.522271], [19.273457, 51.555183], [19.233095, 51.494264], [19.079184, 51.468767], [19.078607, 51.4264], [19.04719, 51.35366], [18.969736, 51.362024], [18.936657, 51.347996], [18.897471, 51.364372], [18.861283, 51.323381], [18.866336, 51.280634]]]}}, {"id": "74", "type": "Feature", "properties": {"areaName": "powiat bia\u0142ostocki", "include": true}, "geometry": {"type": "Polygon", "coordinates": [[[22.469074, 53.20337], [22.505091, 53.140702], [22.594009, 53.094095], [22.622504, 53.132316], [22.658378, 53.143783], [22.749858, 53.116031], [22.811665, 53.120644], [22.815822, 53.078993], [22.862874, 53.055181], [22.786365, 53.032275], [22.7612, 53.006602], [22.788024, 52.965941], [22.766992, 52.928265], [22.722723, 52.92906], [22.774171, 52.857066], [22.851054, 52.859842], [22.880176, 52.883425], [22.938485, 52.887765], [22.934538, 52.921598], [23.062132, 52.9014], [23.179084, 52.912323], [23.330155, 52.893523], [23.390707, 52.904361], [23.374987, 52.965085], [23.418894, 52.963903], [23.473975, 52.981966], [23.564809, 52.974443], [23.615555, 52.954272], [23.61908, 52.931039], [23.713314, 52.946626], [23.787716, 52.93656], [23.820379, 52.911389], [23.916239, 52.904812], [23.93111, 52.976232], [23.925377, 53.024629], [23.871878, 53.084091], [23.909458, 53.167352], [23.837952, 53.149729], [23.748445, 53.157], [23.535786, 53.210319], [23.494033, 53.21508], [23.512563, 53.255882], [23.394435, 53.274605], [23.393496, 53.312012], [23.319094, 53.367004], [23.219822, 53.384746], [23.160205, 53.383169], [23.152677, 53.350002], [23.117768, 53.339224], [23.077458, 53.30613], [22.987771, 53.290418], [22.881527, 53.228037], [22.812325, 53.224164], [22.770698, 53.237384], [22.707685, 53.277305], [22.641827, 53.249109], [22.603134, 53.21154], [22.545859, 53.22057], [22.479717, 53.213433], [22.469074, 53.20337]], [[23.065791, 53.127694], [23.076372, 53.177986], [23.200134, 53.180149], [23.240534, 53.166588], [23.220242, 53.112473], [23.226585, 53.078643], [23.120636, 53.104126], [23.065791, 53.127694]]]}}, {"id": "75", "type": "Feature", "properties": {"areaName": "powiat bialski", "include": true}, "geometry": {"type": "Polygon", "coordinates": [[[23.530625, 51.743175], [23.63051, 51.779767], [23.639948, 51.805288], [23.607498, 51.84285], [23.607078, 51.876321], [23.63797, 51.892995], [23.643686, 51.931811], [23.689023, 51.99191], [23.663087, 52.024183], [23.653104, 52.070644], [23.59857, 52.117387], [23.542972, 52.119618], [23.485574, 52.18135], [23.43112, 52.172771], [23.365938, 52.208016], [23.314732, 52.208], [23.203666, 52.226554], [23.204058, 52.276497], [23.178334, 52.283141], [23.128409, 52.287841], [23.03129, 52.216451], [23.029224, 52.174003], [22.933118, 52.136504], [22.902627, 52.110239], [22.902332, 52.063594], [22.789766, 52.068877], [22.754106, 52.094932], [22.698437, 52.108233], [22.648299, 52.090864], [22.661361, 52.036594], [22.622901, 52.018745], [22.633587, 51.969304], [22.653998, 51.939268], [22.771572, 51.937562], [22.779846, 51.904916], [22.730543, 51.840041], [22.764194, 51.813472], [22.791272, 51.857316], [22.882208, 51.862471], [22.967605, 51.892942], [23.035917, 51.894091], [23.062421, 51.867682], [23.02293, 51.780277], [23.039773, 51.76165], [23.120854, 51.750809], [23.171449, 51.704985], [23.224299, 51.716852], [23.288199, 51.696397], [23.320956, 51.656698], [23.447097, 51.742129], [23.465336, 51.780627], [23.530625, 51.743175]], [[23.065096, 52.033429], [23.09439, 52.054339], [23.209916, 52.056818], [23.208447, 52.017131], [23.122338, 51.99639], [23.074058, 52.002756], [23.065096, 52.033429]]]}}, {"id": "76", "type": "Feature", "properties": {"areaName": "powiat bielski", "include": true}, "geometry": {"type": "Polygon", "coordinates": [[[23.174813, 52.565963], [23.230494, 52.599832], [23.276301, 52.59706], [23.32912, 52.657794], [23.361172, 52.650221], [23.402355, 52.683292], [23.378392, 52.726348], [23.370509, 52.807704], [23.349126, 52.817426], [23.330155, 52.893523], [23.179084, 52.912323], [23.062132, 52.9014], [22.934538, 52.921598], [22.938485, 52.887765], [22.880176, 52.883425], [22.851054, 52.859842], [22.774171, 52.857066], [22.763949, 52.818678], [22.702652, 52.802631], [22.674939, 52.756208], [22.611432, 52.739549], [22.660958, 52.701235], [22.717349, 52.6746], [22.743189, 52.687912], [22.880806, 52.644703], [22.938556, 52.591255], [22.993588, 52.577273], [23.115016, 52.583754], [23.174813, 52.565963]]]}}, {"id": "77", "type": "Feature", "properties": {"areaName": "powiat bieru\u0144sko-l\u0119dzi\u0144ski", "include": true}, "geometry": {"type": "Polygon", "coordinates": [[[19.036127, 50.077167], [19.0577, 50.019292], [19.144487, 50.039382], [19.213933, 50.073877], [19.253811, 50.134193], [19.241774, 50.161267], [19.185514, 50.169448], [19.110011, 50.160904], [19.08163, 50.131335], [19.036127, 50.077167]]]}}, {"id": "78", "type": "Feature", "properties": {"areaName": "powiat kolski", "include": true}, "geometry": {"type": "Polygon", "coordinates": [[[18.657677, 52.423597], [18.600884, 52.417172], [18.615998, 52.366692], [18.56907, 52.313212], [18.479525, 52.273009], [18.53652, 52.25293], [18.459691, 52.204336], [18.464782, 52.17082], [18.526684, 52.136565], [18.630974, 52.120811], [18.686158, 52.128292], [18.692975, 52.088321], [18.718243, 52.065705], [18.752777, 52.076444], [18.827869, 52.064195], [18.85695, 52.08669], [18.925119, 52.079262], [18.949767, 52.119342], [18.90864, 52.152504], [18.930573, 52.199191], [19.02015, 52.215348], [19.077637, 52.200112], [19.100318, 52.265907], [19.03147, 52.269784], [19.04712, 52.332804], [18.969335, 52.377838], [18.910237, 52.378315], [18.835591, 52.343127], [18.754565, 52.361313], [18.684821, 52.428048], [18.657677, 52.423597]]]}}, {"id": "79", "type": "Feature", "properties": {"areaName": "powiat koszali\u0144ski", "include": true}, "geometry": {"type": "Polygon", "coordinates": [[[15.791906, 54.227275], [15.79248, 54.204129], [15.847194, 54.147232], [15.880179, 54.145651], [15.936022, 54.106289], [15.944143, 54.06568], [16.002692, 54.073381], [16.083395, 54.106794], [16.122573, 54.058142], [16.232225, 54.02342], [16.348682, 54.012038], [16.326874, 53.990812], [16.430943, 53.967046], [16.440472, 53.904296], [16.478944, 53.909818], [16.558267, 53.894047], [16.593387, 53.903759], [16.72159, 53.889317], [16.718866, 53.953309], [16.792766, 53.985551], [16.782905, 54.022708], [16.811424, 54.060285], [16.793294, 54.084548], [16.776193, 54.150406], [16.731099, 54.178236], [16.731649, 54.231885], [16.683574, 54.214418], [16.616532, 54.222948], [16.605541, 54.193031], [16.546636, 54.190897], [16.531065, 54.237368], [16.438318, 54.212512], [16.443899, 54.250036], [16.395126, 54.255928], [16.389497, 54.289598], [16.335694, 54.287066], [16.318947, 54.321028], [16.27992, 54.333956], [16.213858, 54.320922], [16.098209, 54.273333], [16.025324, 54.257846], [15.854802, 54.242136], [15.791906, 54.227275]], [[16.109905, 54.221711], [16.191696, 54.273692], [16.226924, 54.224468], [16.320595, 54.206874], [16.26223, 54.158415], [16.209055, 54.166646], [16.199967, 54.137646], [16.116757, 54.200102], [16.109905, 54.221711]]]}}, {"id": "80", "type": "Feature", "properties": {"areaName": "powiat kozienicki", "include": true}, "geometry": {"type": "Polygon", "coordinates": [[[21.205492, 51.58872], [21.257574, 51.565996], [21.357852, 51.539577], [21.416948, 51.53604], [21.438627, 51.514424], [21.518066, 51.557642], [21.558195, 51.542414], [21.545121, 51.490466], [21.550028, 51.444643], [21.606774, 51.45146], [21.607476, 51.472504], [21.74232, 51.478169], [21.750403, 51.428398], [21.78758, 51.420133], [21.841037, 51.421412], [21.873987, 51.471608], [21.84729, 51.492107], [21.833096, 51.548364], [21.817353, 51.564156], [21.755028, 51.56052], [21.659835, 51.580037], [21.615546, 51.617563], [21.543158, 51.664136], [21.472818, 51.664842], [21.412574, 51.753835], [21.435152, 51.783759], [21.382273, 51.82214], [21.310523, 51.842728], [21.286409, 51.861674], [21.284921, 51.815621], [21.165147, 51.77059], [21.124778, 51.727861], [21.176109, 51.732147], [21.158406, 51.672417], [21.213952, 51.666414], [21.231533, 51.635483], [21.205492, 51.58872]]]}}, {"id": "81", "type": "Feature", "properties": {"areaName": "powiat krakowski", "include": true}, "geometry": {"type": "MultiPolygon", "coordinates": [[[[19.560339, 50.012056], [19.579281, 49.989351], [19.656746, 49.973594], [19.771038, 49.893898], [19.810343, 49.885192], [19.882973, 49.924122], [20.001301, 49.931136], [19.963436, 49.968628], [19.925697, 49.981319], [19.796474, 49.994537], [19.821961, 50.058222], [19.809432, 50.07937], [19.867373, 50.09918], [20.201315, 50.120472], [20.160716, 50.151465], [20.174895, 50.186773], [20.138264, 50.271786], [20.176865, 50.290149], [20.094976, 50.30833], [19.995798, 50.282718], [19.901435, 50.276065], [19.834352, 50.263672], [19.702715, 50.299748], [19.64821, 50.19995], [19.588736, 50.198148], [19.531908, 50.14067], [19.550573, 50.099064], [19.605491, 50.062268], [19.606603, 50.034268], [19.560339, 50.012056]]], [[[20.209079, 50.115565], [20.193012, 50.070469], [20.217346, 50.053434], [20.235034, 50.068199], [20.348329, 50.099922], [20.353757, 50.117105], [20.321772, 50.122263], [20.324522, 50.157803], [20.28438, 50.159291], [20.26277, 50.120092], [20.209079, 50.115565]]]]}}, {"id": "82", "type": "Feature", "properties": {"areaName": "powiat kra\u015bnicki", "include": true}, "geometry": {"type": "Polygon", "coordinates": [[[21.864248, 50.802154], [21.896954, 50.779568], [21.949344, 50.771397], [21.995284, 50.783227], [22.051956, 50.820548], [22.162973, 50.797299], [22.224697, 50.836875], [22.275259, 50.814283], [22.363005, 50.794878], [22.404328, 50.818207], [22.416314, 50.889428], [22.469323, 50.885449], [22.474756, 50.912899], [22.448784, 50.9844], [22.387186, 50.99922], [22.354556, 51.050273], [22.272149, 51.031471], [22.167607, 51.044184], [22.080879, 51.047205], [22.020371, 51.039832], [22.033467, 50.984464], [21.989491, 50.989971], [21.955176, 50.959446], [21.875203, 50.978986], [21.817205, 50.974017], [21.81288, 50.934538], [21.835813, 50.878306], [21.864248, 50.802154]]]}}, {"id": "83", "type": "Feature", "properties": {"areaName": "powiat krasnostawski", "include": true}, "geometry": {"type": "Polygon", "coordinates": [[[22.813472, 50.973384], [22.757111, 50.912213], [22.771186, 50.884392], [22.803643, 50.877811], [22.811189, 50.833324], [22.887875, 50.80776], [22.934358, 50.804022], [22.988967, 50.822378], [23.033606, 50.869116], [23.080921, 50.842598], [23.137594, 50.841468], [23.14999, 50.872362], [23.247735, 50.855107], [23.271874, 50.890064], [23.317332, 50.89901], [23.479519, 50.898324], [23.392343, 50.973965], [23.449826, 51.008454], [23.448595, 51.04164], [23.273897, 51.057138], [23.176818, 51.094742], [23.073922, 51.083373], [23.064719, 51.097315], [23.006022, 51.09277], [22.959505, 51.119636], [22.916312, 51.110997], [22.880616, 51.070227], [22.901506, 51.02429], [22.951954, 51.021075], [22.917946, 50.97653], [22.877492, 50.964647], [22.813472, 50.973384]]]}}, {"id": "84", "type": "Feature", "properties": {"areaName": "powiat w\u0105growiecki", "include": true}, "geometry": {"type": "Polygon", "coordinates": [[[17.458523, 52.738948], [17.407847, 52.761804], [17.415938, 52.783817], [17.498212, 52.784918], [17.527148, 52.858181], [17.512544, 52.908815], [17.518652, 52.928045], [17.394782, 52.982333], [17.316919, 52.974044], [17.301556, 52.994803], [17.336694, 53.042742], [17.32395, 53.078264], [17.28898, 53.084012], [17.298859, 53.051166], [17.25337, 53.018852], [17.187066, 53.013718], [17.201714, 52.966651], [17.177163, 52.95599], [17.165026, 52.907671], [17.10107, 52.897347], [17.048244, 52.823502], [17.007038, 52.828364], [17.006381, 52.782256], [17.099045, 52.782803], [17.12933, 52.746772], [17.105872, 52.688495], [17.032822, 52.676243], [17.151461, 52.57399], [17.212582, 52.582347], [17.273853, 52.631326], [17.33326, 52.649616], [17.335558, 52.673892], [17.437859, 52.689729], [17.458523, 52.738948]]]}}, {"id": "85", "type": "Feature", "properties": {"areaName": "powiat wa\u0142brzyski", "include": true}, "geometry": {"type": "Polygon", "coordinates": [[[16.1073, 50.662072], [16.220439, 50.636539], [16.234913, 50.671627], [16.343081, 50.661508], [16.377895, 50.636895], [16.436639, 50.648223], [16.479655, 50.681068], [16.488903, 50.714401], [16.455346, 50.750894], [16.392294, 50.76616], [16.350745, 50.79325], [16.346026, 50.766572], [16.303972, 50.723358], [16.263597, 50.717955], [16.227179, 50.760956], [16.246929, 50.823482], [16.272268, 50.854006], [16.239595, 50.886797], [16.203877, 50.885696], [16.197591, 50.871522], [16.103011, 50.858873], [16.07221, 50.83109], [16.067573, 50.791376], [16.164716, 50.68312], [16.1073, 50.662072]]]}}, {"id": "86", "type": "Feature", "properties": {"areaName": "Lublin", "include": true}, "geometry": {"type": "Polygon", "coordinates": [[[22.66455, 51.242461], [22.613612, 51.282024], [22.493912, 51.285011], [22.481506, 51.23115], [22.453788, 51.21524], [22.515866, 51.186431], [22.485438, 51.1432], [22.554921, 51.148685], [22.554087, 51.176524], [22.619854, 51.17961], [22.638795, 51.213971], [22.66455, 51.242461]]]}}, {"id": "87", "type": "Feature", "properties": {"areaName": "powiat radzy\u0144ski", "include": true}, "geometry": {"type": "Polygon", "coordinates": [[[22.633587, 51.969304], [22.575991, 51.96786], [22.561144, 51.890145], [22.455508, 51.842412], [22.38652, 51.866288], [22.352565, 51.813358], [22.396128, 51.800942], [22.436707, 51.746205], [22.398405, 51.713812], [22.483448, 51.694495], [22.511698, 51.669778], [22.565007, 51.660402], [22.610325, 51.621884], [22.677176, 51.593292], [22.745177, 51.680779], [22.776576, 51.677114], [22.821941, 51.733158], [22.910229, 51.743362], [22.944476, 51.790662], [23.02293, 51.780277], [23.062421, 51.867682], [23.035917, 51.894091], [22.967605, 51.892942], [22.882208, 51.862471], [22.791272, 51.857316], [22.764194, 51.813472], [22.730543, 51.840041], [22.779846, 51.904916], [22.771572, 51.937562], [22.653998, 51.939268], [22.633587, 51.969304]]]}}, {"id": "88", "type": "Feature", "properties": {"areaName": "powiat pucki", "include": true}, "geometry": {"type": "Polygon", "coordinates": [[[17.91375, 54.825601], [17.932461, 54.778091], [17.997806, 54.752554], [18.064445, 54.773311], [18.11781, 54.698955], [18.158901, 54.695256], [18.242766, 54.648504], [18.342543, 54.633416], [18.409348, 54.60655], [18.430921, 54.566505], [18.461815, 54.557381], [18.541874, 54.58451], [18.505453, 54.632784], [18.47959, 54.63048], [18.465926, 54.685845], [18.396675, 54.747069], [18.42288, 54.788623], [18.618285, 54.722038], [18.720207, 54.674734], [18.81138, 54.592809], [18.826133, 54.621552], [18.780812, 54.654842], [18.697792, 54.695676], [18.43489, 54.787738], [18.331694, 54.834098], [18.068283, 54.833874], [17.91375, 54.825601]]]}}, {"id": "89", "type": "Feature", "properties": {"areaName": "powiat bieszczadzki", "include": true}, "geometry": {"type": "Polygon", "coordinates": [[[22.422976, 49.553536], [22.495614, 49.5208], [22.475691, 49.490219], [22.533635, 49.462759], [22.484157, 49.43609], [22.474248, 49.37697], [22.516544, 49.341585], [22.449338, 49.248441], [22.480429, 49.185262], [22.553062, 49.156636], [22.536909, 49.122661], [22.545584, 49.092004], [22.582478, 49.097324], [22.686491, 49.039728], [22.765495, 49.05353], [22.83375, 49.026077], [22.866688, 49.039859], [22.875694, 49.096558], [22.739133, 49.157978], [22.720082, 49.221176], [22.73963, 49.247346], [22.750956, 49.316594], [22.746811, 49.359891], [22.696686, 49.495128], [22.640831, 49.529992], [22.686067, 49.573076], [22.632028, 49.589811], [22.603582, 49.616625], [22.584578, 49.669684], [22.52638, 49.664327], [22.52535, 49.625807], [22.462598, 49.589925], [22.427904, 49.593172], [22.422976, 49.553536]]]}}, {"id": "90", "type": "Feature", "properties": {"areaName": "powiat bi\u0142gorajski", "include": true}, "geometry": {"type": "Polygon", "coordinates": [[[22.771186, 50.884392], [22.712801, 50.879938], [22.578062, 50.838377], [22.625982, 50.820925], [22.676307, 50.770188], [22.614108, 50.71307], [22.642415, 50.697762], [22.660773, 50.637191], [22.593784, 50.591725], [22.519735, 50.583234], [22.536247, 50.572169], [22.541222, 50.505663], [22.567229, 50.483226], [22.545498, 50.451981], [22.456351, 50.452176], [22.446215, 50.418954], [22.405448, 50.394439], [22.507006, 50.34362], [22.565177, 50.359055], [22.621869, 50.333427], [22.638157, 50.303012], [22.707561, 50.291145], [22.736685, 50.301988], [22.8413, 50.297631], [22.890088, 50.30151], [23.017189, 50.286917], [23.14134, 50.366669], [23.048032, 50.421586], [23.094489, 50.456456], [23.179591, 50.496263], [23.112233, 50.534126], [23.009866, 50.519168], [22.986077, 50.566012], [22.899006, 50.595403], [22.869707, 50.639174], [22.812655, 50.623722], [22.794014, 50.688596], [22.829474, 50.704788], [22.778126, 50.735995], [22.796982, 50.76909], [22.887875, 50.80776], [22.811189, 50.833324], [22.803643, 50.877811], [22.771186, 50.884392]]]}}, {"id": "91", "type": "Feature", "properties": {"areaName": "powiat mi\u0119dzychodzki", "include": true}, "geometry": {"type": "Polygon", "coordinates": [[[15.793275, 52.706928], [15.814147, 52.66785], [15.782119, 52.661939], [15.784483, 52.618576], [15.858694, 52.544323], [15.834994, 52.529267], [15.891567, 52.473153], [15.946399, 52.474332], [15.965838, 52.448244], [16.017615, 52.45827], [16.025476, 52.488709], [16.097048, 52.514119], [16.1481, 52.484442], [16.194219, 52.48889], [16.186387, 52.50707], [16.290188, 52.57897], [16.253235, 52.646834], [16.189402, 52.682794], [16.123228, 52.687689], [16.013772, 52.734728], [15.946916, 52.754896], [15.944896, 52.729152], [15.905551, 52.714169], [15.793275, 52.706928]]]}}, {"id": "92", "type": "Feature", "properties": {"areaName": "powiat mi\u0119dzyrzecki", "include": true}, "geometry": {"type": "Polygon", "coordinates": [[[15.88081, 52.29043], [15.881269, 52.35214], [15.90028, 52.390869], [15.843579, 52.402905], [15.844551, 52.431773], [15.898142, 52.447384], [15.891567, 52.473153], [15.834994, 52.529267], [15.858694, 52.544323], [15.784483, 52.618576], [15.782119, 52.661939], [15.814147, 52.66785], [15.793275, 52.706928], [15.738238, 52.713226], [15.633714, 52.701182], [15.603666, 52.714117], [15.57081, 52.697252], [15.430748, 52.700472], [15.387647, 52.689152], [15.408878, 52.661104], [15.371444, 52.642675], [15.348539, 52.603716], [15.30598, 52.590065], [15.310215, 52.54389], [15.276463, 52.540951], [15.280297, 52.478478], [15.321868, 52.455113], [15.348895, 52.417822], [15.416078, 52.409799], [15.435799, 52.375648], [15.497763, 52.359221], [15.622387, 52.34269], [15.661678, 52.306465], [15.72498, 52.290652], [15.830238, 52.320482], [15.88081, 52.29043]]]}}, {"id": "93", "type": "Feature", "properties": {"areaName": "powiat radziejowski", "include": true}, "geometry": {"type": "Polygon", "coordinates": [[[18.684821, 52.428048], [18.726895, 52.450764], [18.758314, 52.541878], [18.73203, 52.561313], [18.751554, 52.595519], [18.807815, 52.621059], [18.828557, 52.648386], [18.724251, 52.70912], [18.650782, 52.725867], [18.507361, 52.710896], [18.469538, 52.689104], [18.456769, 52.645593], [18.480286, 52.624789], [18.475784, 52.578864], [18.37715, 52.537464], [18.38444, 52.475095], [18.463463, 52.476581], [18.497688, 52.502257], [18.559584, 52.484194], [18.560148, 52.463329], [18.650179, 52.450265], [18.657677, 52.423597], [18.684821, 52.428048]]]}}, {"id": "94", "type": "Feature", "properties": {"areaName": "powiat \u017carski", "include": true}, "geometry": {"type": "Polygon", "coordinates": [[[14.649955, 51.78649], [14.668163, 51.725857], [14.746524, 51.676242], [14.765748, 51.611364], [14.711372, 51.563044], [14.735835, 51.525919], [14.804741, 51.514623], [14.852206, 51.4894], [14.94904, 51.471286], [14.974119, 51.441673], [14.963051, 51.407918], [14.974183, 51.36395], [15.017929, 51.393462], [15.071155, 51.396984], [15.086202, 51.425499], [15.047322, 51.436421], [15.048788, 51.481962], [14.993047, 51.482891], [15.025811, 51.531752], [15.062562, 51.561606], [15.111471, 51.545407], [15.235938, 51.590577], [15.263596, 51.619184], [15.270243, 51.668509], [15.233056, 51.740427], [15.215719, 51.781808], [15.173775, 51.754946], [15.13535, 51.766841], [15.170324, 51.807042], [15.153374, 51.846407], [15.106467, 51.862888], [15.015015, 51.887962], [14.938876, 51.893755], [14.858365, 51.849733], [14.768845, 51.857041], [14.732611, 51.82271], [14.649955, 51.78649]]]}}, {"id": "95", "type": "Feature", "properties": {"areaName": "powiat zawiercia\u0144ski", "include": true}, "geometry": {"type": "Polygon", "coordinates": [[[19.903472, 50.61962], [19.909835, 50.642036], [19.8311, 50.651433], [19.873027, 50.682961], [19.810768, 50.725412], [19.758993, 50.715701], [19.712954, 50.729156], [19.732792, 50.696765], [19.786376, 50.668436], [19.73264, 50.637013], [19.680693, 50.66313], [19.623301, 50.658026], [19.620148, 50.622949], [19.513089, 50.61463], [19.465713, 50.582423], [19.427945, 50.593451], [19.376806, 50.562588], [19.391128, 50.525233], [19.345454, 50.506595], [19.306746, 50.521283], [19.269892, 50.491556], [19.28674, 50.443993], [19.249771, 50.436914], [19.29257, 50.423294], [19.295946, 50.394208], [19.34595, 50.396326], [19.407211, 50.360707], [19.459388, 50.363285], [19.51951, 50.414978], [19.645327, 50.409201], [19.701858, 50.44816], [19.844538, 50.434196], [19.899781, 50.453399], [19.90056, 50.473525], [19.949966, 50.504783], [19.912171, 50.511445], [19.901231, 50.53973], [19.840515, 50.554631], [19.861923, 50.621688], [19.903472, 50.61962]]]}}, {"id": "96", "type": "Feature", "properties": {"areaName": "powiat zdu\u0144skowolski", "include": true}, "geometry": {"type": "Polygon", "coordinates": [[[18.83994, 51.722516], [18.841615, 51.696697], [18.804927, 51.671782], [18.856846, 51.642398], [18.879866, 51.600487], [18.811274, 51.563204], [18.868041, 51.522655], [18.863136, 51.489124], [18.931753, 51.47537], [18.956854, 51.532515], [19.041637, 51.583699], [19.00796, 51.65015], [19.044493, 51.679364], [19.107978, 51.688869], [19.0962, 51.711637], [19.038628, 51.739803], [19.047332, 51.766931], [19.005274, 51.772809], [18.970967, 51.744403], [18.900211, 51.754398], [18.83994, 51.722516]]]}}, {"id": "97", "type": "Feature", "properties": {"areaName": "powiat inowroc\u0142awski", "include": true}, "geometry": {"type": "Polygon", "coordinates": [[[18.366896, 52.986942], [18.306851, 52.990984], [18.244034, 52.97414], [18.218025, 52.945977], [18.082351, 52.947479], [18.047171, 52.971122], [18.008841, 52.962813], [17.967803, 52.923388], [18.032769, 52.907674], [18.059129, 52.874971], [18.052578, 52.806364], [17.996414, 52.797026], [18.038703, 52.767674], [18.009627, 52.726949], [18.00997, 52.682346], [18.140018, 52.68767], [18.155827, 52.713664], [18.227212, 52.732581], [18.239248, 52.70027], [18.240216, 52.609085], [18.360536, 52.591516], [18.352474, 52.54336], [18.37715, 52.537464], [18.475784, 52.578864], [18.480286, 52.624789], [18.456769, 52.645593], [18.469538, 52.689104], [18.507361, 52.710896], [18.499955, 52.748068], [18.604212, 52.753652], [18.625074, 52.787277], [18.542179, 52.81994], [18.564749, 52.878982], [18.512898, 52.908027], [18.495707, 52.948547], [18.439738, 52.955807], [18.360861, 52.946117], [18.366896, 52.986942]]]}}, {"id": "98", "type": "Feature", "properties": {"areaName": "powiat janowski", "include": true}, "geometry": {"type": "Polygon", "coordinates": [[[22.162973, 50.797299], [22.152312, 50.771788], [22.200781, 50.752419], [22.141794, 50.66969], [22.22304, 50.660045], [22.246296, 50.624904], [22.315542, 50.619489], [22.407323, 50.585535], [22.465282, 50.591938], [22.519735, 50.583234], [22.593784, 50.591725], [22.660773, 50.637191], [22.642415, 50.697762], [22.614108, 50.71307], [22.676307, 50.770188], [22.625982, 50.820925], [22.578062, 50.838377], [22.531862, 50.847844], [22.537282, 50.908928], [22.474756, 50.912899], [22.469323, 50.885449], [22.416314, 50.889428], [22.404328, 50.818207], [22.363005, 50.794878], [22.275259, 50.814283], [22.224697, 50.836875], [22.162973, 50.797299]]]}}, {"id": "99", "type": "Feature", "properties": {"areaName": "powiat aleksandrowski", "include": true}, "geometry": {"type": "Polygon", "coordinates": [[[18.564749, 52.878982], [18.542179, 52.81994], [18.625074, 52.787277], [18.604212, 52.753652], [18.499955, 52.748068], [18.507361, 52.710896], [18.650782, 52.725867], [18.724251, 52.70912], [18.828557, 52.648386], [18.856878, 52.670035], [18.860896, 52.703952], [18.835753, 52.768678], [18.938538, 52.7826], [18.907263, 52.835815], [18.806734, 52.907176], [18.722577, 52.933411], [18.688954, 52.896604], [18.652489, 52.897023], [18.586771, 52.859402], [18.564749, 52.878982]]]}}, {"id": "100", "type": "Feature", "properties": {"areaName": "\u0141\u00f3d\u017a", "include": true}, "geometry": {"type": "Polygon", "coordinates": [[[19.568389, 51.837781], [19.490281, 51.859058], [19.455936, 51.836494], [19.387373, 51.8259], [19.351841, 51.834997], [19.337343, 51.78407], [19.35936, 51.699201], [19.431708, 51.686604], [19.467008, 51.695399], [19.607533, 51.697647], [19.629483, 51.723522], [19.616385, 51.814427], [19.568389, 51.837781]]]}}, {"id": "101", "type": "Feature", "properties": {"areaName": "powiat hrubieszowski", "include": true}, "geometry": {"type": "Polygon", "coordinates": [[[23.580413, 50.873523], [23.649372, 50.853708], [23.636174, 50.813176], [23.663512, 50.793512], [23.622883, 50.684003], [23.691776, 50.689186], [23.753373, 50.598275], [23.849546, 50.575887], [23.919912, 50.577998], [23.970695, 50.567884], [23.961652, 50.533193], [23.900762, 50.481061], [23.974715, 50.412853], [24.034529, 50.444832], [24.070105, 50.503388], [24.098658, 50.599537], [24.0722, 50.720342], [24.023748, 50.725138], [24.011342, 50.772097], [23.957503, 50.794083], [23.989623, 50.837443], [24.100156, 50.835948], [24.132058, 50.849003], [24.086496, 50.889071], [24.049934, 50.89406], [23.970381, 50.950298], [23.93699, 51.003371], [23.926705, 50.974777], [23.875403, 50.973205], [23.837861, 50.941897], [23.779016, 50.924252], [23.720574, 50.922431], [23.720898, 50.947419], [23.599881, 50.93145], [23.580413, 50.873523]]]}}, {"id": "102", "type": "Feature", "properties": {"areaName": "Bia\u0142a Podlaska", "include": true}, "geometry": {"type": "Polygon", "coordinates": [[[23.065096, 52.033429], [23.074058, 52.002756], [23.122338, 51.99639], [23.208447, 52.017131], [23.209916, 52.056818], [23.09439, 52.054339], [23.065096, 52.033429]]]}}, {"id": "103", "type": "Feature", "properties": {"areaName": "powiat ostro\u0142\u0119cki", "include": true}, "geometry": {"type": "Polygon", "coordinates": [[[21.55169, 53.478128], [21.431079, 53.462381], [21.423558, 53.429522], [21.339344, 53.419429], [21.281352, 53.426702], [21.175847, 53.393587], [21.136167, 53.36553], [21.053885, 53.334322], [21.179766, 53.289055], [21.149137, 53.172071], [21.214259, 53.13319], [21.181683, 53.114563], [21.2981, 53.079724], [21.337939, 53.039455], [21.497275, 52.984657], [21.464892, 52.919227], [21.42734, 52.878883], [21.437397, 52.847076], [21.479266, 52.801422], [21.572256, 52.804432], [21.601879, 52.83419], [21.624276, 52.852486], [21.613453, 52.892738], [21.652444, 52.909036], [21.793412, 52.896905], [21.842224, 52.915824], [21.831311, 52.93947], [21.890937, 52.967049], [21.923763, 52.948502], [21.96043, 52.979815], [21.883616, 53.007219], [21.922642, 53.046246], [21.87178, 53.058959], [21.808759, 53.115219], [21.73615, 53.109196], [21.694428, 53.138094], [21.648953, 53.29217], [21.735427, 53.312728], [21.654239, 53.3495], [21.683962, 53.368134], [21.62431, 53.409776], [21.607334, 53.435716], [21.612953, 53.480834], [21.55169, 53.478128]], [[21.535615, 53.075545], [21.550764, 53.092967], [21.6207, 53.112374], [21.606893, 53.043326], [21.535615, 53.075545]]]}}, {"id": "104", "type": "Feature", "properties": {"areaName": "powiat ostrowiecki", "include": true}, "geometry": {"type": "Polygon", "coordinates": [[[21.158238, 50.907906], [21.137738, 50.888714], [21.13289, 50.822152], [21.23271, 50.819296], [21.257506, 50.845178], [21.403738, 50.88599], [21.459819, 50.875506], [21.464809, 50.845778], [21.496948, 50.826676], [21.545762, 50.850776], [21.577049, 50.896615], [21.61561, 50.925201], [21.590552, 50.953346], [21.687206, 51.019564], [21.630186, 51.063366], [21.529054, 51.059016], [21.463591, 51.013137], [21.382459, 51.040468], [21.325464, 51.03609], [21.285402, 50.987603], [21.221283, 51.002138], [21.158238, 50.907906]]]}}, {"id": "105", "type": "Feature", "properties": {"areaName": "powiat ostrowski", "include": true}, "geometry": {"type": "Polygon", "coordinates": [[[17.646726, 51.795645], [17.707228, 51.744568], [17.619273, 51.698125], [17.60064, 51.672282], [17.547691, 51.664391], [17.556245, 51.584302], [17.576286, 51.539582], [17.514631, 51.510981], [17.527005, 51.457198], [17.571107, 51.405176], [17.612897, 51.422993], [17.703074, 51.399492], [17.750008, 51.411327], [17.784553, 51.465598], [17.783304, 51.495791], [17.861205, 51.49699], [17.948281, 51.568992], [18.044728, 51.564552], [18.078828, 51.540783], [18.13103, 51.533635], [18.177107, 51.545852], [18.187219, 51.571085], [18.093692, 51.605416], [18.079371, 51.654185], [18.116755, 51.68942], [18.087271, 51.706253], [17.997888, 51.717597], [18.009661, 51.759668], [17.990292, 51.778255], [17.933557, 51.778279], [17.809826, 51.799082], [17.771591, 51.789571], [17.727807, 51.816387], [17.646726, 51.795645]]]}}, {"id": "106", "type": "Feature", "properties": {"areaName": "powiat o\u015bwi\u0119cimski", "include": true}, "geometry": {"type": "Polygon", "coordinates": [[[19.259178, 50.116934], [19.253811, 50.134193], [19.213933, 50.073877], [19.144487, 50.039382], [19.119023, 50.009245], [19.122723, 49.97214], [19.09321, 49.956659], [19.161654, 49.93951], [19.206201, 49.871614], [19.29, 49.850553], [19.298352, 49.893809], [19.380154, 49.958234], [19.462182, 49.938313], [19.482676, 50.019581], [19.510544, 50.025599], [19.403362, 50.029571], [19.297618, 50.057016], [19.286284, 50.09559], [19.259178, 50.116934]]]}}, {"id": "107", "type": "Feature", "properties": {"areaName": "powiat otwocki", "include": true}, "geometry": {"type": "Polygon", "coordinates": [[[21.164958, 52.144727], [21.207481, 52.10372], [21.205088, 52.062311], [21.221684, 52.004078], [21.279408, 51.963479], [21.239111, 51.90163], [21.275677, 51.876825], [21.337666, 51.895105], [21.449488, 51.912245], [21.469, 51.978841], [21.513627, 51.983574], [21.531294, 52.021612], [21.577712, 52.033215], [21.521204, 52.116733], [21.337707, 52.207081], [21.25049, 52.222561], [21.248752, 52.153036], [21.164958, 52.144727]]]}}, {"id": "108", "type": "Feature", "properties": {"areaName": "powiat pabianicki", "include": true}, "geometry": {"type": "Polygon", "coordinates": [[[19.414278, 51.525341], [19.468328, 51.542587], [19.466742, 51.60305], [19.418828, 51.63111], [19.431708, 51.686604], [19.35936, 51.699201], [19.337343, 51.78407], [19.29744, 51.771228], [19.240076, 51.796584], [19.138547, 51.825088], [19.035204, 51.828943], [18.999335, 51.817006], [19.056128, 51.777964], [19.150253, 51.755216], [19.185847, 51.715718], [19.201194, 51.66436], [19.190195, 51.626255], [19.204496, 51.584187], [19.273457, 51.555183], [19.329249, 51.522271], [19.414278, 51.525341]]]}}, {"id": "109", "type": "Feature", "properties": {"areaName": "powiat paj\u0119cza\u0144ski", "include": true}, "geometry": {"type": "Polygon", "coordinates": [[[19.123561, 50.999599], [19.206472, 50.985524], [19.240733, 50.990394], [19.243142, 51.036845], [19.209411, 51.039945], [19.242172, 51.098038], [19.278889, 51.130887], [19.233411, 51.150244], [19.239361, 51.174438], [19.312475, 51.184181], [19.221099, 51.224494], [19.18756, 51.24885], [19.097197, 51.236928], [19.091167, 51.295731], [19.032897, 51.278163], [19.000782, 51.287309], [18.866336, 51.280634], [18.802769, 51.254212], [18.787581, 51.21463], [18.827236, 51.198246], [18.817545, 51.164214], [18.779434, 51.16541], [18.756357, 51.11254], [18.767842, 51.06475], [18.857389, 51.072598], [18.89551, 51.066628], [18.916769, 51.096105], [19.011631, 51.066506], [19.016712, 51.051861], [19.104485, 51.026208], [19.123561, 50.999599]]]}}, {"id": "110", "type": "Feature", "properties": {"areaName": "powiat parczewski", "include": true}, "geometry": {"type": "Polygon", "coordinates": [[[23.063644, 51.421498], [23.099435, 51.465949], [23.176515, 51.459348], [23.216264, 51.514355], [23.14684, 51.559043], [23.178307, 51.595977], [23.252356, 51.632473], [23.31096, 51.627808], [23.320956, 51.656698], [23.288199, 51.696397], [23.224299, 51.716852], [23.171449, 51.704985], [23.120854, 51.750809], [23.039773, 51.76165], [23.02293, 51.780277], [22.944476, 51.790662], [22.910229, 51.743362], [22.821941, 51.733158], [22.776576, 51.677114], [22.745177, 51.680779], [22.677176, 51.593292], [22.785072, 51.560733], [22.785296, 51.520758], [22.842247, 51.516968], [22.878849, 51.561795], [23.018535, 51.50074], [22.972976, 51.469686], [22.98122, 51.423864], [23.063644, 51.421498]]]}}, {"id": "111", "type": "Feature", "properties": {"areaName": "Koszalin", "include": true}, "geometry": {"type": "Polygon", "coordinates": [[[16.109905, 54.221711], [16.116757, 54.200102], [16.199967, 54.137646], [16.209055, 54.166646], [16.26223, 54.158415], [16.320595, 54.206874], [16.226924, 54.224468], [16.191696, 54.273692], [16.109905, 54.221711]]]}}, {"id": "112", "type": "Feature", "properties": {"areaName": "Krak\u00f3w", "include": true}, "geometry": {"type": "Polygon", "coordinates": [[[19.963436, 49.968628], [20.008223, 49.975084], [20.018281, 50.004326], [20.065666, 50.007788], [20.080327, 50.040703], [20.217346, 50.053434], [20.193012, 50.070469], [20.209079, 50.115565], [20.201315, 50.120472], [19.867373, 50.09918], [19.809432, 50.07937], [19.821961, 50.058222], [19.796474, 49.994537], [19.925697, 49.981319], [19.963436, 49.968628]]]}}, {"id": "113", "type": "Feature", "properties": {"areaName": "powiat pyrzycki", "include": true}, "geometry": {"type": "Polygon", "coordinates": [[[14.861798, 53.246541], [14.814401, 53.237525], [14.71588, 53.273511], [14.689368, 53.177936], [14.748664, 53.119162], [14.732634, 53.036956], [14.79012, 53.022912], [14.830634, 53.055608], [14.916227, 53.042969], [14.896424, 53.01971], [14.932547, 52.983827], [15.049746, 53.002499], [15.037039, 53.036183], [15.139859, 53.028384], [15.158803, 53.060964], [15.198993, 53.084954], [15.212198, 53.137554], [15.049047, 53.19321], [15.071469, 53.217632], [15.041074, 53.260013], [14.861798, 53.246541]]]}}, {"id": "114", "type": "Feature", "properties": {"areaName": "powiat radomski", "include": true}, "geometry": {"type": "Polygon", "coordinates": [[[20.798711, 51.511684], [20.764522, 51.418954], [20.847184, 51.421386], [20.886896, 51.402716], [20.838213, 51.364204], [20.854567, 51.343225], [20.955498, 51.362147], [21.031287, 51.329693], [21.039298, 51.292137], [21.017204, 51.234576], [21.068381, 51.206937], [21.110616, 51.20076], [21.091225, 51.155092], [21.153969, 51.125478], [21.152742, 51.080272], [21.312977, 51.084315], [21.344243, 51.176199], [21.401844, 51.194001], [21.416201, 51.221281], [21.335033, 51.229239], [21.367239, 51.293656], [21.356113, 51.326912], [21.431779, 51.354173], [21.469499, 51.400595], [21.563521, 51.425235], [21.550028, 51.444643], [21.545121, 51.490466], [21.558195, 51.542414], [21.518066, 51.557642], [21.438627, 51.514424], [21.416948, 51.53604], [21.357852, 51.539577], [21.257574, 51.565996], [21.205492, 51.58872], [21.089174, 51.57694], [21.072064, 51.54153], [21.024966, 51.534487], [21.000964, 51.502061], [20.932731, 51.500728], [20.890914, 51.515031], [20.798711, 51.511684]], [[21.053188, 51.374917], [21.05845, 51.398704], [21.105445, 51.407994], [21.16225, 51.478564], [21.25054, 51.433331], [21.201765, 51.402592], [21.220732, 51.372336], [21.194993, 51.34862], [21.136168, 51.35799], [21.072248, 51.353471], [21.053188, 51.374917]]]}}, {"id": "115", "type": "Feature", "properties": {"areaName": "powiat radomszcza\u0144ski", "include": true}, "geometry": {"type": "Polygon", "coordinates": [[[19.994088, 51.184059], [19.993223, 51.184372], [19.965005, 51.20184], [19.903094, 51.159467], [19.901644, 51.107001], [19.841754, 51.12119], [19.827208, 51.139197], [19.755983, 51.14079], [19.698595, 51.164532], [19.621048, 51.149234], [19.584929, 51.161954], [19.571357, 51.20044], [19.537696, 51.222676], [19.519118, 51.271304], [19.459858, 51.286072], [19.416491, 51.258363], [19.394609, 51.195982], [19.312475, 51.184181], [19.239361, 51.174438], [19.233411, 51.150244], [19.278889, 51.130887], [19.242172, 51.098038], [19.209411, 51.039945], [19.243142, 51.036845], [19.322687, 51.046191], [19.329246, 51.01315], [19.389253, 51.001248], [19.464787, 50.927337], [19.486333, 50.879666], [19.56433, 50.907584], [19.613854, 50.877241], [19.661262, 50.874523], [19.682928, 50.845218], [19.727901, 50.843278], [19.74706, 50.86597], [19.790413, 50.903692], [19.848047, 50.932181], [19.829557, 50.96857], [19.897661, 51.028278], [19.936936, 51.024624], [19.957888, 50.990372], [20.017655, 50.96228], [20.039448, 50.990275], [20.04547, 51.068567], [19.981726, 51.073136], [19.988326, 51.139469], [20.025756, 51.164543], [19.994088, 51.184059]]]}}, {"id": "116", "type": "Feature", "properties": {"areaName": "powiat rawski", "include": true}, "geometry": {"type": "Polygon", "coordinates": [[[20.115841, 51.740135], [20.177354, 51.710101], [20.220461, 51.724381], [20.264582, 51.710208], [20.285522, 51.654335], [20.384999, 51.641614], [20.400246, 51.672754], [20.467113, 51.692827], [20.535161, 51.668736], [20.621673, 51.65786], [20.653201, 51.677144], [20.658386, 51.724013], [20.582639, 51.747984], [20.579001, 51.79286], [20.60774, 51.816061], [20.605395, 51.849636], [20.518797, 51.892245], [20.439308, 51.849632], [20.41508, 51.869625], [20.336261, 51.851474], [20.215535, 51.850414], [20.13669, 51.83584], [20.188996, 51.78396], [20.139616, 51.74149], [20.115841, 51.740135]]]}}, {"id": "117", "type": "Feature", "properties": {"areaName": "powiat ropczycko-s\u0119dziszowski", "include": true}, "geometry": {"type": "Polygon", "coordinates": [[[21.523526, 49.892913], [21.598814, 49.921916], [21.672034, 49.925078], [21.690524, 49.962721], [21.748191, 49.968886], [21.806662, 50.006909], [21.788602, 50.09745], [21.80337, 50.151435], [21.796297, 50.169329], [21.71598, 50.167344], [21.602743, 50.209088], [21.611309, 50.178523], [21.511235, 50.161538], [21.567953, 50.129801], [21.497622, 50.050388], [21.524499, 50.028918], [21.464183, 49.99321], [21.501231, 49.943801], [21.523526, 49.892913]]]}}, {"id": "118", "type": "Feature", "properties": {"areaName": "powiat nidzicki", "include": true}, "geometry": {"type": "Polygon", "coordinates": [[[20.411105, 53.214106], [20.473535, 53.234261], [20.562068, 53.226474], [20.657342, 53.251514], [20.675952, 53.269527], [20.692368, 53.302625], [20.79161, 53.30954], [20.817113, 53.334006], [20.753252, 53.392165], [20.712207, 53.415231], [20.678866, 53.462006], [20.632026, 53.452348], [20.594533, 53.486665], [20.598658, 53.530676], [20.511041, 53.530699], [20.416182, 53.500205], [20.350082, 53.462215], [20.26196, 53.460599], [20.233296, 53.472278], [20.185718, 53.457043], [20.224847, 53.419036], [20.201138, 53.395155], [20.179848, 53.33044], [20.256647, 53.283969], [20.247621, 53.238239], [20.338032, 53.222887], [20.388077, 53.23798], [20.411105, 53.214106]]]}}, {"id": "119", "type": "Feature", "properties": {"areaName": "Chorz\u00f3w", "include": true}, "geometry": {"type": "Polygon", "coordinates": [[[18.92697, 50.318085], [18.929831, 50.270881], [18.956164, 50.239097], [18.969593, 50.287122], [19.001279, 50.296299], [18.985408, 50.335881], [18.959052, 50.335331], [18.92697, 50.318085]]]}}, {"id": "120", "type": "Feature", "properties": {"areaName": "Jaworzno", "include": true}, "geometry": {"type": "Polygon", "coordinates": [[[19.441976, 50.226574], [19.397017, 50.231611], [19.323423, 50.259145], [19.311946, 50.258265], [19.223365, 50.258117], [19.196363, 50.228135], [19.160679, 50.22631], [19.241774, 50.161267], [19.253811, 50.134193], [19.259178, 50.116934], [19.270704, 50.143823], [19.349954, 50.150617], [19.364393, 50.19058], [19.441976, 50.226574]]]}}, {"id": "121", "type": "Feature", "properties": {"areaName": "Katowice", "include": true}, "geometry": {"type": "Polygon", "coordinates": [[[19.110011, 50.160904], [19.089401, 50.19368], [19.124425, 50.26598], [19.071313, 50.294336], [19.061101, 50.295404], [19.001279, 50.296299], [18.969593, 50.287122], [18.956164, 50.239097], [18.896944, 50.219388], [18.935332, 50.194823], [18.93415, 50.158627], [19.02223, 50.175835], [19.038196, 50.144816], [19.08163, 50.131335], [19.110011, 50.160904]]]}}, {"id": "122", "type": "Feature", "properties": {"areaName": "Konin", "include": true}, "geometry": {"type": "Polygon", "coordinates": [[[18.192613, 52.233818], [18.266454, 52.188014], [18.299954, 52.222658], [18.292428, 52.265536], [18.307176, 52.316685], [18.227063, 52.328619], [18.252555, 52.256998], [18.192613, 52.233818]]]}}, {"id": "123", "type": "Feature", "properties": {"areaName": "powiat \u0142aski", "include": true}, "geometry": {"type": "Polygon", "coordinates": [[[18.897471, 51.364372], [18.936657, 51.347996], [18.969736, 51.362024], [19.04719, 51.35366], [19.078607, 51.4264], [19.079184, 51.468767], [19.233095, 51.494264], [19.273457, 51.555183], [19.204496, 51.584187], [19.190195, 51.626255], [19.201194, 51.66436], [19.185847, 51.715718], [19.150253, 51.755216], [19.056128, 51.777964], [19.047332, 51.766931], [19.038628, 51.739803], [19.0962, 51.711637], [19.107978, 51.688869], [19.044493, 51.679364], [19.00796, 51.65015], [19.041637, 51.583699], [18.956854, 51.532515], [18.931753, 51.47537], [18.863136, 51.489124], [18.857083, 51.454938], [18.803023, 51.410542], [18.893212, 51.383698], [18.897471, 51.364372]]]}}, {"id": "124", "type": "Feature", "properties": {"areaName": "powiat \u015bredzki", "include": true}, "geometry": {"type": "Polygon", "coordinates": [[[16.90508, 51.209458], [16.881904, 51.230176], [16.800644, 51.258731], [16.7271, 51.260393], [16.689026, 51.241991], [16.626885, 51.251416], [16.471406, 51.231155], [16.446803, 51.171291], [16.467395, 51.147648], [16.441791, 51.126128], [16.474553, 51.106416], [16.393735, 51.057922], [16.34449, 51.065415], [16.337213, 51.029032], [16.389432, 51.009379], [16.429861, 51.013997], [16.510364, 50.992652], [16.602655, 51.001798], [16.684163, 51.01588], [16.724357, 51.063272], [16.757938, 51.054505], [16.784216, 51.102166], [16.830656, 51.111804], [16.807339, 51.138948], [16.90508, 51.209458]]]}}, {"id": "125", "type": "Feature", "properties": {"areaName": "powiat wa\u0142ecki", "include": true}, "geometry": {"type": "Polygon", "coordinates": [[[15.982018, 53.115506], [15.997924, 53.086384], [15.962498, 53.041381], [16.02384, 53.035521], [16.125068, 53.011842], [16.186336, 53.034107], [16.270928, 53.049152], [16.316887, 53.036705], [16.364143, 53.077989], [16.346188, 53.109208], [16.390526, 53.130953], [16.455201, 53.164381], [16.501091, 53.172662], [16.558577, 53.229044], [16.596068, 53.229698], [16.676102, 53.290734], [16.714467, 53.299132], [16.656753, 53.320842], [16.628544, 53.34759], [16.585095, 53.346676], [16.475321, 53.387764], [16.439804, 53.459285], [16.319188, 53.407111], [16.217549, 53.39591], [16.151269, 53.37624], [16.061705, 53.407266], [16.009342, 53.403772], [15.972744, 53.374619], [16.007893, 53.311232], [16.048451, 53.319856], [16.076158, 53.2891], [16.003578, 53.240092], [16.023277, 53.226841], [15.980049, 53.172102], [15.962861, 53.129088], [15.982018, 53.115506]]]}}, {"id": "126", "type": "Feature", "properties": {"areaName": "powiat warszawski zachodni", "include": true}, "geometry": {"type": "Polygon", "coordinates": [[[20.915136, 52.35403], [20.885776, 52.377643], [20.820503, 52.378865], [20.82051, 52.346123], [20.722482, 52.34484], [20.620105, 52.311334], [20.604134, 52.33372], [20.529515, 52.311912], [20.53417, 52.29479], [20.439155, 52.288244], [20.45749, 52.322135], [20.421482, 52.331084], [20.348302, 52.294458], [20.345108, 52.23787], [20.397168, 52.245814], [20.489687, 52.23815], [20.484957, 52.183811], [20.544958, 52.165063], [20.630799, 52.165159], [20.697793, 52.190551], [20.853065, 52.197195], [20.890771, 52.247051], [20.876184, 52.298703], [20.922058, 52.323735], [20.915136, 52.35403]]]}}, {"id": "127", "type": "Feature", "properties": {"areaName": "powiat w\u0119growski", "include": true}, "geometry": {"type": "Polygon", "coordinates": [[[22.076069, 52.338214], [22.13095, 52.354632], [22.089755, 52.38776], [22.090288, 52.409834], [22.13574, 52.425512], [22.170445, 52.463458], [22.085994, 52.53159], [22.041702, 52.547722], [21.983311, 52.597733], [21.999766, 52.621888], [21.99937, 52.647023], [21.91941, 52.660284], [21.890277, 52.70233], [21.773019, 52.664925], [21.675674, 52.630369], [21.657444, 52.603613], [21.56747, 52.60152], [21.596811, 52.553232], [21.627076, 52.51705], [21.704966, 52.508621], [21.737886, 52.469234], [21.709131, 52.456293], [21.719472, 52.405062], [21.704219, 52.389984], [21.754019, 52.358437], [21.738146, 52.313654], [21.78432, 52.307704], [21.792638, 52.263116], [21.847604, 52.256532], [21.8747, 52.231558], [21.921278, 52.2374], [21.941782, 52.216418], [22.04778, 52.209445], [22.042423, 52.293314], [22.092168, 52.314328], [22.076069, 52.338214]]]}}, {"id": "128", "type": "Feature", "properties": {"areaName": "powiat wejherowski", "include": true}, "geometry": {"type": "Polygon", "coordinates": [[[17.91375, 54.825601], [17.757029, 54.801985], [17.666786, 54.78292], [17.723602, 54.771699], [17.765185, 54.743733], [17.79695, 54.667846], [17.828684, 54.658476], [17.820203, 54.615863], [17.778453, 54.614366], [17.838409, 54.541907], [17.837012, 54.524692], [17.886973, 54.479222], [17.845585, 54.463283], [17.881272, 54.409979], [17.970389, 54.434127], [18.048308, 54.433472], [18.143784, 54.413695], [18.20455, 54.436159], [18.263125, 54.424947], [18.389318, 54.437699], [18.407792, 54.476177], [18.389622, 54.542335], [18.430921, 54.566505], [18.409348, 54.60655], [18.342543, 54.633416], [18.242766, 54.648504], [18.158901, 54.695256], [18.11781, 54.698955], [18.064445, 54.773311], [17.997806, 54.752554], [17.932461, 54.778091], [17.91375, 54.825601]]]}}, {"id": "129", "type": "Feature", "properties": {"areaName": "powiat wielicki", "include": true}, "geometry": {"type": "Polygon", "coordinates": [[[20.001301, 49.931136], [20.017388, 49.908985], [20.086989, 49.92652], [20.129565, 49.887751], [20.232499, 49.863624], [20.311125, 49.925876], [20.303805, 49.942292], [20.342618, 49.994657], [20.387566, 50.022122], [20.37889, 50.065173], [20.348329, 50.099922], [20.235034, 50.068199], [20.217346, 50.053434], [20.080327, 50.040703], [20.065666, 50.007788], [20.018281, 50.004326], [20.008223, 49.975084], [19.963436, 49.968628], [20.001301, 49.931136]]]}}, {"id": "130", "type": "Feature", "properties": {"areaName": "powiat wo\u0142omi\u0144ski", "include": true}, "geometry": {"type": "Polygon", "coordinates": [[[21.250469, 52.262692], [21.305088, 52.279163], [21.439796, 52.262512], [21.414556, 52.305567], [21.486644, 52.306038], [21.497197, 52.329358], [21.582698, 52.344585], [21.642636, 52.378958], [21.704219, 52.389984], [21.719472, 52.405062], [21.709131, 52.456293], [21.737886, 52.469234], [21.704966, 52.508621], [21.627076, 52.51705], [21.596811, 52.553232], [21.52932, 52.482815], [21.379728, 52.471206], [21.30592, 52.533], [21.223128, 52.533964], [21.142769, 52.519044], [21.080191, 52.507764], [21.120836, 52.411192], [21.116734, 52.368499], [21.085202, 52.337402], [21.105009, 52.273994], [21.170579, 52.276942], [21.190453, 52.256199], [21.250469, 52.262692]]]}}, {"id": "131", "type": "Feature", "properties": {"areaName": "powiat wo\u0142owski", "include": true}, "geometry": {"type": "Polygon", "coordinates": [[[16.800644, 51.258731], [16.808087, 51.334687], [16.775226, 51.362032], [16.797599, 51.38285], [16.792769, 51.461627], [16.764173, 51.485407], [16.650483, 51.514862], [16.585996, 51.502518], [16.541198, 51.511233], [16.467269, 51.501517], [16.438416, 51.427469], [16.477114, 51.366397], [16.460784, 51.32567], [16.415662, 51.293699], [16.463695, 51.267317], [16.471406, 51.231155], [16.626885, 51.251416], [16.689026, 51.241991], [16.7271, 51.260393], [16.800644, 51.258731]]]}}, {"id": "132", "type": "Feature", "properties": {"areaName": "powiat wolszty\u0144ski", "include": true}, "geometry": {"type": "Polygon", "coordinates": [[[16.072692, 52.243676], [15.996355, 52.23197], [15.86095, 52.182772], [15.874977, 52.130472], [15.833296, 52.111123], [15.924448, 52.067476], [15.967463, 52.081948], [16.000714, 52.053941], [15.96599, 52.026736], [15.969188, 52.002615], [16.010617, 51.981422], [16.060645, 51.977158], [16.121166, 51.991844], [16.126166, 51.933896], [16.201259, 51.942335], [16.280958, 51.92918], [16.332574, 51.987016], [16.426398, 51.973694], [16.452547, 52.008051], [16.446212, 52.033683], [16.376661, 52.054549], [16.339849, 52.08381], [16.283172, 52.057926], [16.252216, 52.094156], [16.21451, 52.102234], [16.150297, 52.14696], [16.145189, 52.171523], [16.087384, 52.175789], [16.072692, 52.243676]]]}}, {"id": "133", "type": "Feature", "properties": {"areaName": "Jelenia G\u00f3ra", "include": true}, "geometry": {"type": "Polygon", "coordinates": [[[15.577867, 50.77873], [15.620022, 50.767774], [15.648653, 50.80103], [15.633537, 50.824095], [15.680732, 50.850904], [15.8023, 50.900393], [15.839461, 50.930396], [15.733741, 50.920362], [15.710649, 50.930687], [15.657803, 50.896322], [15.583508, 50.812717], [15.577867, 50.77873]]]}}, {"id": "134", "type": "Feature", "properties": {"areaName": "Legnica", "include": true}, "geometry": {"type": "Polygon", "coordinates": [[[16.083254, 51.181261], [16.105695, 51.166764], [16.184101, 51.160616], [16.232852, 51.21858], [16.211856, 51.246148], [16.150572, 51.233285], [16.123632, 51.199373], [16.083254, 51.181261]]]}}, {"id": "135", "type": "Feature", "properties": {"areaName": "Opole", "include": true}, "geometry": {"type": "Polygon", "coordinates": [[[17.779591, 50.690177], [17.840971, 50.679746], [17.851163, 50.643717], [17.960134, 50.621365], [18.014816, 50.621955], [18.001622, 50.657706], [17.959982, 50.699645], [17.927049, 50.713263], [17.928078, 50.767226], [17.886902, 50.763495], [17.859738, 50.731298], [17.779591, 50.690177]]]}}, {"id": "136", "type": "Feature", "properties": {"areaName": "powiat przeworski", "include": true}, "geometry": {"type": "Polygon", "coordinates": [[[22.797826, 50.209437], [22.8413, 50.297631], [22.736685, 50.301988], [22.707561, 50.291145], [22.638157, 50.303012], [22.619673, 50.266758], [22.573646, 50.25115], [22.606862, 50.221902], [22.53506, 50.194126], [22.52771, 50.141292], [22.447904, 50.123079], [22.416324, 50.090701], [22.383056, 50.089989], [22.374982, 50.053801], [22.341298, 50.046732], [22.350607, 50.008139], [22.277147, 49.926406], [22.234246, 49.931537], [22.266817, 49.872874], [22.299052, 49.872814], [22.340066, 49.885922], [22.418359, 49.888284], [22.470027, 49.944849], [22.565206, 49.965705], [22.551213, 50.011545], [22.600457, 50.041815], [22.584188, 50.132258], [22.669787, 50.128832], [22.7563, 50.167039], [22.725865, 50.19281], [22.797826, 50.209437]]]}}, {"id": "137", "type": "Feature", "properties": {"areaName": "Gdynia", "include": true}, "geometry": {"type": "Polygon", "coordinates": [[[18.430921, 54.566505], [18.389622, 54.542335], [18.407792, 54.476177], [18.450937, 54.443022], [18.507545, 54.422752], [18.519945, 54.457862], [18.562142, 54.463917], [18.559507, 54.550996], [18.541874, 54.58451], [18.461815, 54.557381], [18.430921, 54.566505]]]}}, {"id": "138", "type": "Feature", "properties": {"areaName": "powiat k\u0119pi\u0144ski", "include": true}, "geometry": {"type": "Polygon", "coordinates": [[[17.760497, 51.309654], [17.743958, 51.24302], [17.795269, 51.194146], [17.851329, 51.172037], [17.819203, 51.122316], [17.88529, 51.10379], [17.939374, 51.108907], [18.039352, 51.131033], [18.163694, 51.172515], [18.172197, 51.262962], [18.126735, 51.268905], [18.092516, 51.325514], [18.09878, 51.362052], [18.047582, 51.393376], [17.960028, 51.33865], [17.905655, 51.349261], [17.834614, 51.330731], [17.824444, 51.294044], [17.760497, 51.309654]]]}}, {"id": "139", "type": "Feature", "properties": {"areaName": "powiat k\u0119trzy\u0144ski", "include": true}, "geometry": {"type": "Polygon", "coordinates": [[[21.559322, 54.322504], [21.220547, 54.334822], [21.217038, 54.312522], [21.169091, 54.296427], [21.179308, 54.259994], [21.057675, 54.258851], [21.030693, 54.224265], [21.052286, 54.210606], [21.023054, 54.124434], [21.057364, 54.128273], [21.104874, 54.093756], [21.06966, 54.082773], [21.082105, 54.037075], [21.086426, 53.997817], [21.117997, 53.992134], [21.127726, 53.938492], [21.238806, 53.946227], [21.232685, 53.969913], [21.31566, 53.990444], [21.383908, 53.995811], [21.40755, 53.96781], [21.458589, 53.959867], [21.551478, 53.997278], [21.541359, 54.017068], [21.562193, 54.080842], [21.531085, 54.122743], [21.573692, 54.146373], [21.553532, 54.185921], [21.594978, 54.195583], [21.537948, 54.243532], [21.564499, 54.27789], [21.559322, 54.322504]]]}}, {"id": "140", "type": "Feature", "properties": {"areaName": "powiat kielecki", "include": true}, "geometry": {"type": "Polygon", "coordinates": [[[20.584294, 50.667849], [20.626596, 50.670305], [20.661061, 50.63476], [20.641291, 50.55667], [20.684447, 50.546262], [20.81258, 50.568764], [20.829163, 50.63545], [20.874064, 50.635699], [20.878114, 50.661477], [20.944528, 50.658345], [20.997179, 50.66881], [20.995949, 50.632947], [21.140773, 50.637785], [21.145761, 50.698777], [21.16038, 50.740984], [21.135668, 50.764323], [21.13289, 50.822152], [21.137738, 50.888714], [21.158238, 50.907906], [21.141901, 50.915843], [21.054726, 50.895859], [20.994408, 50.920428], [21.016097, 50.969186], [20.96033, 51.013061], [20.913206, 51.031814], [20.838828, 50.996145], [20.828332, 50.962858], [20.764094, 50.949823], [20.737564, 50.977582], [20.739602, 51.009163], [20.686414, 51.010825], [20.604724, 51.051372], [20.452078, 51.052735], [20.384896, 51.033936], [20.344615, 51.001496], [20.27805, 50.99209], [20.241344, 51.010414], [20.192337, 50.974757], [20.118023, 50.984585], [20.128992, 50.941806], [20.204929, 50.920333], [20.24962, 50.865277], [20.297224, 50.857248], [20.323412, 50.799378], [20.380858, 50.782887], [20.415617, 50.747568], [20.462008, 50.742122], [20.584294, 50.667849]], [[20.510523, 50.856591], [20.549885, 50.90239], [20.602882, 50.912218], [20.660065, 50.903378], [20.672898, 50.844132], [20.645325, 50.807282], [20.55385, 50.812441], [20.510523, 50.856591]]]}}, {"id": "141", "type": "Feature", "properties": {"areaName": "powiat gda\u0144ski", "include": true}, "geometry": {"type": "Polygon", "coordinates": [[[18.828158, 54.141551], [18.8366, 54.155437], [18.861325, 54.185292], [18.918482, 54.210369], [18.943591, 54.238493], [18.940698, 54.280206], [18.910122, 54.312419], [18.873126, 54.310421], [18.827492, 54.341436], [18.728081, 54.341514], [18.691334, 54.301603], [18.604827, 54.278452], [18.505725, 54.33564], [18.488019, 54.31695], [18.436502, 54.281172], [18.328037, 54.265411], [18.265792, 54.239575], [18.222814, 54.188036], [18.232398, 54.167341], [18.327088, 54.140934], [18.391245, 54.121187], [18.533664, 54.126747], [18.590875, 54.105847], [18.630134, 54.135942], [18.695792, 54.15051], [18.806175, 54.154058], [18.828158, 54.141551]]]}}, {"id": "142", "type": "Feature", "properties": {"areaName": "powiat gliwicki", "include": true}, "geometry": {"type": "Polygon", "coordinates": [[[18.557966, 50.181021], [18.641944, 50.184599], [18.694631, 50.17521], [18.719743, 50.200116], [18.775629, 50.193428], [18.796864, 50.246265], [18.792342, 50.246775], [18.735831, 50.270833], [18.720926, 50.235085], [18.685089, 50.227211], [18.579676, 50.261947], [18.613161, 50.369048], [18.658108, 50.373916], [18.655967, 50.407787], [18.613971, 50.437533], [18.623133, 50.488303], [18.65262, 50.498918], [18.635456, 50.5488], [18.607473, 50.550011], [18.556876, 50.539757], [18.477855, 50.552714], [18.437048, 50.545925], [18.440043, 50.480727], [18.379609, 50.481743], [18.39631, 50.38896], [18.357745, 50.356569], [18.393885, 50.338457], [18.391992, 50.313961], [18.425866, 50.248966], [18.456565, 50.240292], [18.49465, 50.179847], [18.557966, 50.181021]]]}}, {"id": "143", "type": "Feature", "properties": {"areaName": "Gorz\u00f3w Wielkopolski", "include": true}, "geometry": {"type": "Polygon", "coordinates": [[[15.123394, 52.748409], [15.134981, 52.709807], [15.18431, 52.709776], [15.249694, 52.684164], [15.297634, 52.691769], [15.276002, 52.727313], [15.282178, 52.769387], [15.229813, 52.773686], [15.190634, 52.759105], [15.135296, 52.776949], [15.123394, 52.748409]]]}}, {"id": "144", "type": "Feature", "properties": {"areaName": "Grudzi\u0105dz", "include": true}, "geometry": {"type": "Polygon", "coordinates": [[[18.756339, 53.523882], [18.736587, 53.477487], [18.704016, 53.451665], [18.712422, 53.429586], [18.806728, 53.431638], [18.779224, 53.458174], [18.855182, 53.512811], [18.769432, 53.50737], [18.756339, 53.523882]]]}}, {"id": "145", "type": "Feature", "properties": {"areaName": "Przemy\u015bl", "include": true}, "geometry": {"type": "Polygon", "coordinates": [[[22.713056, 49.759952], [22.775439, 49.746498], [22.848523, 49.784109], [22.797002, 49.81144], [22.75002, 49.810469], [22.713056, 49.759952]]]}}, {"id": "146", "type": "Feature", "properties": {"areaName": "Mys\u0142owice", "include": true}, "geometry": {"type": "Polygon", "coordinates": [[[19.241774, 50.161267], [19.160679, 50.22631], [19.124425, 50.26598], [19.089401, 50.19368], [19.110011, 50.160904], [19.185514, 50.169448], [19.241774, 50.161267]]]}}, {"id": "147", "type": "Feature", "properties": {"areaName": "powiat raciborski", "include": true}, "geometry": {"type": "Polygon", "coordinates": [[[18.49465, 50.179847], [18.456565, 50.240292], [18.425866, 50.248966], [18.376599, 50.253908], [18.252834, 50.223055], [18.249033, 50.192572], [18.059781, 50.174652], [18.050165, 50.138088], [18.072624, 50.109426], [18.035036, 50.065767], [18.085812, 50.031847], [18.1046, 50.001022], [18.206576, 49.997926], [18.214319, 49.971992], [18.276154, 49.964659], [18.28969, 49.928729], [18.332958, 49.949387], [18.244241, 50.042582], [18.349083, 50.057589], [18.37882, 50.075176], [18.316028, 50.095764], [18.288894, 50.131076], [18.351389, 50.145301], [18.40061, 50.138096], [18.4502, 50.15547], [18.49465, 50.179847]]]}}, {"id": "148", "type": "Feature", "properties": {"areaName": "powiat pu\u0142tuski", "include": true}, "geometry": {"type": "Polygon", "coordinates": [[[20.728256, 52.704504], [20.696032, 52.676293], [20.714839, 52.617286], [20.728969, 52.632283], [20.855567, 52.633115], [20.855202, 52.61544], [20.90877, 52.588026], [20.93047, 52.55894], [20.976901, 52.537988], [21.053444, 52.5346], [21.121797, 52.553588], [21.232031, 52.573193], [21.283221, 52.633488], [21.288086, 52.677394], [21.338066, 52.704718], [21.347197, 52.732711], [21.320153, 52.778108], [21.187916, 52.758642], [21.182649, 52.784999], [21.131389, 52.803773], [21.008809, 52.770227], [20.940655, 52.809906], [20.910364, 52.756434], [20.802658, 52.757166], [20.781848, 52.713333], [20.728256, 52.704504]]]}}, {"id": "149", "type": "Feature", "properties": {"areaName": "powiat namys\u0142owski", "include": true}, "geometry": {"type": "Polygon", "coordinates": [[[17.795269, 51.194146], [17.66927, 51.160815], [17.620611, 51.175426], [17.545469, 51.143574], [17.576381, 51.129422], [17.558208, 51.067831], [17.518402, 51.051527], [17.514284, 51.011631], [17.54366, 50.999789], [17.665967, 50.974473], [17.691952, 50.919026], [17.803267, 50.895558], [17.810548, 50.868955], [17.889259, 50.861354], [17.904999, 50.910046], [17.949394, 50.905202], [17.971258, 50.968069], [18.011681, 50.963606], [17.988874, 50.984942], [17.937638, 50.980698], [17.924099, 51.012479], [17.953412, 51.057166], [17.939374, 51.108907], [17.88529, 51.10379], [17.819203, 51.122316], [17.851329, 51.172037], [17.795269, 51.194146]]]}}, {"id": "150", "type": "Feature", "properties": {"areaName": "powiat \u0142\u00f3dzki wschodni", "include": true}, "geometry": {"type": "Polygon", "coordinates": [[[19.660656, 51.853701], [19.622354, 51.857541], [19.568389, 51.837781], [19.616385, 51.814427], [19.629483, 51.723522], [19.607533, 51.697647], [19.467008, 51.695399], [19.431708, 51.686604], [19.418828, 51.63111], [19.466742, 51.60305], [19.468328, 51.542587], [19.505981, 51.52178], [19.598449, 51.507876], [19.616697, 51.555995], [19.594278, 51.581087], [19.664801, 51.649121], [19.708276, 51.629399], [19.752054, 51.710205], [19.857464, 51.694475], [19.878948, 51.660424], [19.912887, 51.664441], [19.981407, 51.741043], [19.939679, 51.73973], [19.922751, 51.778452], [19.810163, 51.779132], [19.73062, 51.750132], [19.680087, 51.779001], [19.660656, 51.853701]]]}}, {"id": "151", "type": "Feature", "properties": {"areaName": "powiat lubaczowski", "include": true}, "geometry": {"type": "Polygon", "coordinates": [[[23.154279, 49.981162], [23.283914, 50.09904], [23.429445, 50.184205], [23.470128, 50.217876], [23.547913, 50.251815], [23.508797, 50.261304], [23.519946, 50.295464], [23.412872, 50.307652], [23.436162, 50.345425], [23.378214, 50.368882], [23.370191, 50.399521], [23.317574, 50.392669], [23.253126, 50.364712], [23.17712, 50.391742], [23.14134, 50.366669], [23.017189, 50.286917], [22.890088, 50.30151], [22.8413, 50.297631], [22.797826, 50.209437], [22.868997, 50.189612], [22.879964, 50.163515], [22.935859, 50.169525], [22.91535, 50.098748], [22.953681, 50.073796], [23.031726, 50.055796], [23.047624, 50.041199], [23.038548, 49.996475], [23.154279, 49.981162]]]}}, {"id": "152", "type": "Feature", "properties": {"areaName": "powiat nyski", "include": true}, "geometry": {"type": "Polygon", "coordinates": [[[16.907901, 50.449449], [16.97401, 50.417755], [16.998298, 50.42775], [17.052543, 50.406953], [17.110758, 50.404954], [17.143339, 50.380417], [17.201159, 50.364011], [17.289926, 50.317498], [17.353682, 50.308044], [17.337735, 50.283474], [17.463472, 50.267055], [17.504836, 50.274716], [17.451794, 50.29773], [17.452626, 50.359147], [17.479397, 50.396951], [17.545365, 50.395255], [17.607893, 50.43319], [17.670174, 50.457432], [17.665326, 50.482778], [17.763029, 50.554602], [17.721442, 50.575706], [17.692574, 50.557478], [17.613, 50.556119], [17.579172, 50.594041], [17.520804, 50.58587], [17.466847, 50.61506], [17.419452, 50.611032], [17.359619, 50.641409], [17.277856, 50.583544], [17.206477, 50.586106], [17.232166, 50.614474], [17.164896, 50.613463], [17.114918, 50.587448], [17.06131, 50.536948], [17.06241, 50.476081], [16.946743, 50.479174], [16.907901, 50.449449]]]}}, {"id": "153", "type": "Feature", "properties": {"areaName": "powiat krotoszy\u0144ski", "include": true}, "geometry": {"type": "Polygon", "coordinates": [[[17.257433, 51.642843], [17.330107, 51.647915], [17.498652, 51.615933], [17.556245, 51.584302], [17.547691, 51.664391], [17.60064, 51.672282], [17.619273, 51.698125], [17.707228, 51.744568], [17.646726, 51.795645], [17.604224, 51.820223], [17.530372, 51.838585], [17.514028, 51.90084], [17.44114, 51.896483], [17.397379, 51.8734], [17.336794, 51.885592], [17.318514, 51.848671], [17.322557, 51.761188], [17.271427, 51.751292], [17.180424, 51.791657], [17.152834, 51.745848], [17.175943, 51.71462], [17.128191, 51.702048], [17.234794, 51.668592], [17.257433, 51.642843]]]}}, {"id": "154", "type": "Feature", "properties": {"areaName": "powiat kwidzy\u0144ski", "include": true}, "geometry": {"type": "Polygon", "coordinates": [[[19.129276, 53.588261], [19.130362, 53.608278], [19.179083, 53.64038], [19.21228, 53.643366], [19.212946, 53.691425], [19.291741, 53.741445], [19.322978, 53.813945], [19.1726, 53.84152], [19.113895, 53.809853], [19.087726, 53.841658], [18.994596, 53.877043], [18.966935, 53.902633], [18.878798, 53.909943], [18.886296, 53.886344], [18.840501, 53.8352], [18.843282, 53.726538], [18.788971, 53.702105], [18.73937, 53.635715], [18.761577, 53.604882], [18.89014, 53.599498], [18.942046, 53.58815], [19.096642, 53.596723], [19.129276, 53.588261]]]}}, {"id": "155", "type": "Feature", "properties": {"areaName": "powiat che\u0142mi\u0144ski", "include": true}, "geometry": {"type": "Polygon", "coordinates": [[[18.626372, 53.427385], [18.496612, 53.416479], [18.450012, 53.378773], [18.356974, 53.340739], [18.311819, 53.273011], [18.279668, 53.253078], [18.348936, 53.210334], [18.349483, 53.169775], [18.423675, 53.176558], [18.468025, 53.201688], [18.58874, 53.227144], [18.653001, 53.224811], [18.684375, 53.256865], [18.7249, 53.262953], [18.738021, 53.319271], [18.694741, 53.34357], [18.724247, 53.364828], [18.677728, 53.396042], [18.640204, 53.392991], [18.626372, 53.427385]]]}}, {"id": "156", "type": "Feature", "properties": {"areaName": "powiat ostrowski", "include": true}, "geometry": {"type": "Polygon", "coordinates": [[[21.601879, 52.83419], [21.67595, 52.795567], [21.704489, 52.796162], [21.697315, 52.732322], [21.660053, 52.698754], [21.773019, 52.664925], [21.890277, 52.70233], [21.91941, 52.660284], [21.99937, 52.647023], [21.999766, 52.621888], [22.034937, 52.621568], [22.042925, 52.676139], [22.103219, 52.693752], [22.216056, 52.697821], [22.273921, 52.670196], [22.349388, 52.656216], [22.406534, 52.610117], [22.450862, 52.624346], [22.43511, 52.696218], [22.453771, 52.788238], [22.378626, 52.794403], [22.334414, 52.740464], [22.303656, 52.74798], [22.251065, 52.82578], [22.305064, 52.839348], [22.293183, 52.871112], [22.207171, 52.883037], [22.124193, 52.842701], [22.037979, 52.85082], [22.003931, 52.877866], [22.028794, 52.938482], [21.976098, 52.978834], [21.96043, 52.979815], [21.923763, 52.948502], [21.890937, 52.967049], [21.831311, 52.93947], [21.842224, 52.915824], [21.793412, 52.896905], [21.652444, 52.909036], [21.613453, 52.892738], [21.624276, 52.852486], [21.601879, 52.83419]]]}}, {"id": "157", "type": "Feature", "properties": {"areaName": "powiat szamotulski", "include": true}, "geometry": {"type": "Polygon", "coordinates": [[[16.194219, 52.48889], [16.317499, 52.453474], [16.359188, 52.425678], [16.442635, 52.405092], [16.460747, 52.376627], [16.551554, 52.390957], [16.599371, 52.419346], [16.603244, 52.459479], [16.652169, 52.530127], [16.733967, 52.541387], [16.729816, 52.566059], [16.654412, 52.59862], [16.600358, 52.666588], [16.636366, 52.692254], [16.580041, 52.714285], [16.583302, 52.743094], [16.517246, 52.759569], [16.312871, 52.776411], [16.285818, 52.765905], [16.241936, 52.793242], [16.139139, 52.785536], [16.075947, 52.757209], [16.059029, 52.727045], [16.013772, 52.734728], [16.123228, 52.687689], [16.189402, 52.682794], [16.253235, 52.646834], [16.290188, 52.57897], [16.186387, 52.50707], [16.194219, 52.48889]]]}}, {"id": "158", "type": "Feature", "properties": {"areaName": "powiat zwole\u0144ski", "include": true}, "geometry": {"type": "Polygon", "coordinates": [[[21.550028, 51.444643], [21.563521, 51.425235], [21.469499, 51.400595], [21.431779, 51.354173], [21.356113, 51.326912], [21.367239, 51.293656], [21.335033, 51.229239], [21.416201, 51.221281], [21.451942, 51.220762], [21.468289, 51.253547], [21.540067, 51.295246], [21.631852, 51.266352], [21.690231, 51.298695], [21.787857, 51.262172], [21.822331, 51.263078], [21.860111, 51.274702], [21.823018, 51.280675], [21.847951, 51.365036], [21.815979, 51.371587], [21.78758, 51.420133], [21.750403, 51.428398], [21.74232, 51.478169], [21.607476, 51.472504], [21.606774, 51.45146], [21.550028, 51.444643]]]}}, {"id": "159", "type": "Feature", "properties": {"areaName": "powiat \u0142om\u017cy\u0144ski", "include": true}, "geometry": {"type": "Polygon", "coordinates": [[[22.479717, 53.213433], [22.430415, 53.218922], [22.497577, 53.348591], [22.405554, 53.351427], [22.296445, 53.400826], [22.279352, 53.437848], [22.23991, 53.425736], [22.266947, 53.391762], [22.235955, 53.369149], [22.24492, 53.3069], [22.203883, 53.286575], [22.133154, 53.296965], [22.115249, 53.263601], [22.021576, 53.272958], [21.987017, 53.239273], [21.883808, 53.291112], [21.876818, 53.318943], [21.804177, 53.33519], [21.735427, 53.312728], [21.648953, 53.29217], [21.694428, 53.138094], [21.73615, 53.109196], [21.808759, 53.115219], [21.87178, 53.058959], [21.922642, 53.046246], [21.883616, 53.007219], [21.96043, 52.979815], [21.976098, 52.978834], [22.028364, 52.992954], [22.068207, 53.050116], [22.056567, 53.097024], [22.092676, 53.11727], [22.111389, 53.051057], [22.219109, 53.04021], [22.250343, 53.073825], [22.313943, 53.08761], [22.293004, 53.11028], [22.412266, 53.183917], [22.469074, 53.20337], [22.479717, 53.213433]], [[22.011157, 53.170244], [22.061046, 53.212622], [22.106596, 53.166541], [22.083639, 53.143664], [22.015129, 53.152091], [22.011157, 53.170244]]]}}, {"id": "160", "type": "Feature", "properties": {"areaName": "powiat karkonoski", "include": true}, "geometry": {"type": "Polygon", "coordinates": [[[15.961978, 50.894627], [15.932882, 50.923588], [15.897657, 50.941512], [15.835638, 50.937761], [15.822277, 50.980896], [15.737747, 51.011436], [15.6983, 50.997467], [15.67213, 50.959333], [15.638124, 50.949183], [15.525205, 50.940859], [15.456218, 50.884835], [15.439173, 50.852319], [15.36819, 50.836041], [15.374788, 50.777626], [15.438778, 50.809078], [15.524305, 50.776998], [15.577867, 50.77873], [15.583508, 50.812717], [15.657803, 50.896322], [15.710649, 50.930687], [15.733741, 50.920362], [15.839461, 50.930396], [15.8023, 50.900393], [15.680732, 50.850904], [15.633537, 50.824095], [15.648653, 50.80103], [15.620022, 50.767774], [15.705709, 50.737255], [15.831916, 50.742721], [15.861745, 50.745336], [15.888759, 50.804192], [15.95716, 50.848528], [15.961978, 50.894627]]]}}, {"id": "161", "type": "Feature", "properties": {"areaName": "powiat k\u0119dzierzy\u0144sko-kozielski", "include": true}, "geometry": {"type": "Polygon", "coordinates": [[[18.032352, 50.346067], [18.028079, 50.322535], [17.975512, 50.320807], [17.919324, 50.265001], [17.926665, 50.210624], [17.960414, 50.218818], [17.998836, 50.184161], [18.059781, 50.174652], [18.249033, 50.192572], [18.252834, 50.223055], [18.376599, 50.253908], [18.425866, 50.248966], [18.391992, 50.313961], [18.393885, 50.338457], [18.357745, 50.356569], [18.298406, 50.404952], [18.274862, 50.386895], [18.190586, 50.376499], [18.153566, 50.386561], [18.068798, 50.417291], [18.034521, 50.385469], [18.032352, 50.346067]]]}}, {"id": "162", "type": "Feature", "properties": {"areaName": "powiat leszczy\u0144ski", "include": true}, "geometry": {"type": "Polygon", "coordinates": [[[16.72896, 51.733507], [16.741462, 51.792364], [16.769268, 51.783995], [16.84927, 51.79864], [16.851201, 51.841989], [16.899677, 51.866406], [16.860127, 51.927163], [16.815113, 51.944172], [16.69124, 51.967781], [16.449279, 51.947335], [16.426398, 51.973694], [16.332574, 51.987016], [16.280958, 51.92918], [16.201259, 51.942335], [16.126166, 51.933896], [16.143606, 51.895039], [16.20016, 51.87196], [16.253676, 51.899378], [16.28693, 51.90026], [16.4007, 51.837893], [16.416191, 51.784865], [16.542818, 51.780937], [16.682433, 51.704876], [16.72896, 51.733507]], [[16.523804, 51.834602], [16.569393, 51.873342], [16.623642, 51.865213], [16.60222, 51.816739], [16.54954, 51.806429], [16.523804, 51.834602]]]}}, {"id": "163", "type": "Feature", "properties": {"areaName": "powiat o\u0142awski", "include": true}, "geometry": {"type": "Polygon", "coordinates": [[[17.518402, 51.051527], [17.432014, 51.067749], [17.417042, 51.099948], [17.375983, 51.103703], [17.296083, 51.066305], [17.249874, 51.016077], [17.197383, 51.009438], [17.160066, 50.967534], [17.115133, 50.96152], [17.105916, 50.922901], [17.069238, 50.903085], [17.111669, 50.859728], [17.243674, 50.859788], [17.285104, 50.822909], [17.318344, 50.821146], [17.328201, 50.850595], [17.38429, 50.862065], [17.42724, 50.910573], [17.431397, 50.967086], [17.50155, 50.975587], [17.54366, 50.999789], [17.514284, 51.011631], [17.518402, 51.051527]]]}}, {"id": "164", "type": "Feature", "properties": {"areaName": "powiat \u015bwidwi\u0144ski", "include": true}, "geometry": {"type": "Polygon", "coordinates": [[[16.233632, 53.693937], [16.268086, 53.723092], [16.200484, 53.82539], [16.14684, 53.824864], [16.143992, 53.878384], [15.956731, 53.918092], [15.864534, 53.915865], [15.786883, 53.890566], [15.764194, 53.953378], [15.725728, 53.963961], [15.651964, 53.965983], [15.58778, 53.93348], [15.531319, 53.873546], [15.562486, 53.835194], [15.565577, 53.792573], [15.70054, 53.686807], [15.790881, 53.660003], [15.92718, 53.653322], [15.943139, 53.678592], [16.030313, 53.659508], [16.066632, 53.691294], [16.120577, 53.668165], [16.233632, 53.693937]]]}}, {"id": "165", "type": "Feature", "properties": {"areaName": "powiat \u015bwiecki", "include": true}, "geometry": {"type": "Polygon", "coordinates": [[[18.704016, 53.451665], [18.736587, 53.477487], [18.756339, 53.523882], [18.761577, 53.604882], [18.73937, 53.635715], [18.788971, 53.702105], [18.744832, 53.686892], [18.696552, 53.699953], [18.627092, 53.673861], [18.545936, 53.659694], [18.508107, 53.699906], [18.379726, 53.688523], [18.263762, 53.700983], [18.207008, 53.698639], [18.224287, 53.667335], [18.171838, 53.627729], [18.171987, 53.584967], [18.217188, 53.549168], [18.112317, 53.504617], [18.114975, 53.465601], [18.076366, 53.467017], [18.060974, 53.419823], [18.034279, 53.393578], [18.065131, 53.37907], [18.053377, 53.341236], [18.116436, 53.330141], [18.179273, 53.297846], [18.185572, 53.27819], [18.279668, 53.253078], [18.311819, 53.273011], [18.356974, 53.340739], [18.450012, 53.378773], [18.496612, 53.416479], [18.626372, 53.427385], [18.704016, 53.451665]]]}}, {"id": "166", "type": "Feature", "properties": {"areaName": "powiat szczycie\u0144ski", "include": true}, "geometry": {"type": "Polygon", "coordinates": [[[21.421576, 53.638238], [21.314139, 53.628028], [21.23234, 53.669846], [21.150434, 53.725119], [21.104784, 53.770468], [21.067022, 53.763592], [20.958477, 53.783538], [20.908766, 53.779405], [20.853834, 53.732026], [20.759016, 53.695019], [20.701307, 53.661025], [20.687882, 53.629401], [20.653269, 53.617992], [20.598658, 53.530676], [20.594533, 53.486665], [20.632026, 53.452348], [20.678866, 53.462006], [20.712207, 53.415231], [20.753252, 53.392165], [20.817113, 53.334006], [20.79161, 53.30954], [20.848684, 53.292331], [20.9144, 53.348221], [20.991704, 53.361359], [21.053885, 53.334322], [21.136167, 53.36553], [21.175847, 53.393587], [21.281352, 53.426702], [21.339344, 53.419429], [21.423558, 53.429522], [21.431079, 53.462381], [21.55169, 53.478128], [21.455978, 53.509288], [21.422881, 53.603464], [21.421576, 53.638238]]]}}, {"id": "167", "type": "Feature", "properties": {"areaName": "powiat szyd\u0142owiecki", "include": true}, "geometry": {"type": "Polygon", "coordinates": [[[20.685695, 51.151208], [20.718407, 51.172716], [20.813023, 51.145835], [20.8216, 51.178448], [20.879781, 51.154424], [20.92072, 51.195338], [20.983667, 51.166488], [20.998536, 51.144492], [21.056655, 51.157126], [21.068381, 51.206937], [21.017204, 51.234576], [21.039298, 51.292137], [21.031287, 51.329693], [20.955498, 51.362147], [20.854567, 51.343225], [20.823458, 51.31991], [20.779248, 51.319186], [20.767068, 51.271941], [20.707025, 51.269815], [20.610047, 51.242426], [20.70035, 51.195989], [20.685695, 51.151208]]]}}, {"id": "168", "type": "Feature", "properties": {"areaName": "powiat w\u0142oszczowski", "include": true}, "geometry": {"type": "Polygon", "coordinates": [[[20.24962, 50.865277], [20.204929, 50.920333], [20.128992, 50.941806], [20.118023, 50.984585], [20.039448, 50.990275], [20.017655, 50.96228], [19.957888, 50.990372], [19.936936, 51.024624], [19.897661, 51.028278], [19.829557, 50.96857], [19.848047, 50.932181], [19.790413, 50.903692], [19.74706, 50.86597], [19.819418, 50.838554], [19.795518, 50.78384], [19.712954, 50.729156], [19.758993, 50.715701], [19.810768, 50.725412], [19.873027, 50.682961], [19.8311, 50.651433], [19.909835, 50.642036], [19.903472, 50.61962], [19.965325, 50.635065], [20.031649, 50.633272], [20.02679, 50.661923], [20.101595, 50.705556], [20.052329, 50.740242], [20.095124, 50.77289], [20.119081, 50.827827], [20.141855, 50.84329], [20.199324, 50.823299], [20.24962, 50.865277]]]}}, {"id": "169", "type": "Feature", "properties": {"areaName": "powiat wroc\u0142awski", "include": true}, "geometry": {"type": "Polygon", "coordinates": [[[16.830656, 51.111804], [16.784216, 51.102166], [16.757938, 51.054505], [16.724357, 51.063272], [16.684163, 51.01588], [16.602655, 51.001798], [16.566093, 50.951408], [16.581291, 50.917779], [16.690228, 50.939376], [16.674974, 50.851177], [16.69706, 50.843088], [16.775058, 50.844568], [16.804686, 50.832555], [16.87633, 50.832244], [16.888413, 50.812214], [16.913856, 50.825711], [16.958518, 50.904317], [17.017337, 50.917111], [17.069238, 50.903085], [17.105916, 50.922901], [17.115133, 50.96152], [17.160066, 50.967534], [17.197383, 51.009438], [17.249874, 51.016077], [17.296083, 51.066305], [17.375983, 51.103703], [17.328849, 51.117798], [17.326604, 51.158709], [17.289101, 51.174096], [17.310606, 51.21483], [17.250956, 51.2395], [17.242124, 51.266988], [17.181773, 51.275579], [17.157647, 51.23958], [17.09127, 51.248771], [17.072836, 51.232921], [17.100286, 51.175856], [17.156084, 51.175364], [17.136883, 51.127829], [17.176219, 51.10632], [17.111413, 51.079228], [17.095762, 51.05935], [17.027867, 51.042675], [16.955144, 51.058748], [16.919176, 51.081612], [16.830656, 51.111804]]]}}, {"id": "170", "type": "Feature", "properties": {"areaName": "powiat wrzesi\u0144ski", "include": true}, "geometry": {"type": "Polygon", "coordinates": [[[17.696948, 52.06305], [17.718725, 52.07594], [17.823542, 52.088116], [17.7709, 52.109173], [17.779427, 52.142458], [17.823007, 52.164554], [17.832128, 52.192098], [17.770832, 52.197052], [17.765786, 52.257961], [17.70383, 52.276625], [17.743328, 52.314478], [17.696713, 52.348382], [17.700632, 52.375518], [17.533468, 52.410029], [17.441557, 52.400824], [17.381913, 52.418782], [17.368657, 52.345318], [17.402501, 52.33938], [17.407135, 52.285141], [17.453246, 52.247627], [17.473157, 52.209981], [17.43055, 52.194499], [17.431594, 52.16181], [17.466509, 52.112037], [17.514385, 52.124137], [17.547811, 52.144536], [17.662962, 52.141695], [17.661168, 52.098397], [17.696948, 52.06305]]]}}, {"id": "171", "type": "Feature", "properties": {"areaName": "Pozna\u0144", "include": true}, "geometry": {"type": "Polygon", "coordinates": [[[16.731588, 52.463746], [16.771086, 52.466782], [16.800793, 52.437345], [16.797175, 52.402208], [16.834124, 52.370356], [16.901922, 52.355775], [16.947002, 52.310196], [17.058609, 52.3575], [17.065583, 52.41649], [16.99396, 52.439292], [16.967946, 52.504992], [16.888244, 52.494695], [16.896005, 52.465206], [16.78167, 52.482875], [16.731588, 52.463746]]]}}, {"id": "172", "type": "Feature", "properties": {"areaName": "powiat czarnkowsko-trzcianecki", "include": true}, "geometry": {"type": "Polygon", "coordinates": [[[16.013772, 52.734728], [16.059029, 52.727045], [16.075947, 52.757209], [16.139139, 52.785536], [16.241936, 52.793242], [16.285818, 52.765905], [16.312871, 52.776411], [16.517246, 52.759569], [16.583302, 52.743094], [16.704356, 52.749724], [16.730955, 52.729428], [16.793649, 52.798588], [16.72478, 52.834206], [16.780163, 52.888833], [16.774943, 52.931561], [16.737816, 52.979892], [16.646456, 52.957653], [16.650254, 53.022402], [16.625424, 53.044373], [16.691757, 53.090495], [16.680862, 53.127308], [16.608678, 53.10616], [16.52074, 53.129652], [16.479592, 53.115069], [16.390526, 53.130953], [16.346188, 53.109208], [16.364143, 53.077989], [16.316887, 53.036705], [16.270928, 53.049152], [16.186336, 53.034107], [16.125068, 53.011842], [16.02384, 53.035521], [15.962498, 53.041381], [15.949449, 52.998526], [15.978771, 52.937153], [15.969964, 52.85384], [15.904396, 52.826199], [15.934038, 52.803857], [15.946916, 52.754896], [16.013772, 52.734728]]]}}, {"id": "173", "type": "Feature", "properties": {"areaName": "powiat kaliski", "include": true}, "geometry": {"type": "Polygon", "coordinates": [[[18.042517, 51.779474], [18.100417, 51.785372], [18.132079, 51.76028], [18.118987, 51.709193], [18.087271, 51.706253], [18.116755, 51.68942], [18.079371, 51.654185], [18.093692, 51.605416], [18.187219, 51.571085], [18.177107, 51.545852], [18.204436, 51.532887], [18.259161, 51.546853], [18.358344, 51.536286], [18.381629, 51.650968], [18.355565, 51.660713], [18.393067, 51.701374], [18.432562, 51.765178], [18.439255, 51.824822], [18.471965, 51.851006], [18.412991, 51.889583], [18.351951, 51.907094], [18.296869, 51.981293], [18.251207, 52.00763], [18.228503, 52.03898], [18.168405, 51.98612], [18.060433, 51.979659], [17.947184, 52.000052], [17.979967, 51.958934], [17.934502, 51.938233], [17.982798, 51.856096], [18.011936, 51.846398], [18.015412, 51.800133], [18.042517, 51.779474]]]}}, {"id": "174", "type": "Feature", "properties": {"areaName": "powiat kartuski", "include": true}, "geometry": {"type": "Polygon", "coordinates": [[[18.222814, 54.188036], [18.265792, 54.239575], [18.328037, 54.265411], [18.436502, 54.281172], [18.488019, 54.31695], [18.456998, 54.332306], [18.437051, 54.386645], [18.450937, 54.443022], [18.407792, 54.476177], [18.389318, 54.437699], [18.263125, 54.424947], [18.20455, 54.436159], [18.143784, 54.413695], [18.048308, 54.433472], [17.970389, 54.434127], [17.881272, 54.409979], [17.799109, 54.411752], [17.800522, 54.383135], [17.7505, 54.35432], [17.707916, 54.303771], [17.724688, 54.264727], [17.700318, 54.244856], [17.72514, 54.216673], [17.694623, 54.181848], [17.800194, 54.178172], [17.862445, 54.19107], [17.908268, 54.174309], [17.992444, 54.198036], [18.060266, 54.179729], [18.088118, 54.199436], [18.222814, 54.188036]]]}}, {"id": "175", "type": "Feature", "properties": {"areaName": "powiat podd\u0119bicki", "include": true}, "geometry": {"type": "Polygon", "coordinates": [[[18.718243, 52.065705], [18.742533, 51.9371], [18.767792, 51.927854], [18.696819, 51.865638], [18.684167, 51.820795], [18.651368, 51.748629], [18.734458, 51.734677], [18.764322, 51.749528], [18.83994, 51.722516], [18.900211, 51.754398], [18.970967, 51.744403], [19.005274, 51.772809], [19.047332, 51.766931], [19.056128, 51.777964], [18.999335, 51.817006], [19.035204, 51.828943], [19.138547, 51.825088], [19.155717, 51.870689], [19.144892, 51.905696], [19.151703, 51.964675], [19.128772, 52.000724], [19.096638, 52.013336], [19.034168, 52.005552], [18.962396, 52.025312], [18.909298, 52.003044], [18.827869, 52.064195], [18.752777, 52.076444], [18.718243, 52.065705]]]}}, {"id": "176", "type": "Feature", "properties": {"areaName": "powiat policki", "include": true}, "geometry": {"type": "Polygon", "coordinates": [[[14.59628, 53.593097], [14.510359, 53.665717], [14.38856, 53.687078], [14.331127, 53.733868], [14.270661, 53.666677], [14.316946, 53.618064], [14.30261, 53.553405], [14.326937, 53.503824], [14.371274, 53.45644], [14.373328, 53.40895], [14.445249, 53.274433], [14.471354, 53.315296], [14.554847, 53.354121], [14.57431, 53.371425], [14.491773, 53.39364], [14.464382, 53.497301], [14.54216, 53.49242], [14.635264, 53.533929], [14.601243, 53.558702], [14.59628, 53.593097]]]}}, {"id": "177", "type": "Feature", "properties": {"areaName": "powiat polkowicki", "include": true}, "geometry": {"type": "Polygon", "coordinates": [[[15.849712, 51.665197], [15.815812, 51.60292], [15.823621, 51.572744], [15.769815, 51.569657], [15.712309, 51.546549], [15.714032, 51.517397], [15.807496, 51.502554], [15.845216, 51.46605], [15.822154, 51.450709], [15.816244, 51.409893], [15.840271, 51.383566], [15.922393, 51.344538], [16.01384, 51.327507], [16.079893, 51.337746], [16.069538, 51.380792], [16.10857, 51.40046], [16.072827, 51.452526], [16.185966, 51.456886], [16.186413, 51.512124], [16.243507, 51.522037], [16.26957, 51.566725], [16.3212, 51.570505], [16.327718, 51.59841], [16.3037, 51.612983], [16.196419, 51.619125], [16.086064, 51.610777], [16.098453, 51.590827], [16.069729, 51.556178], [15.970349, 51.547914], [16.018119, 51.603166], [15.983284, 51.614098], [15.93314, 51.663063], [15.849712, 51.665197]]]}}, {"id": "178", "type": "Feature", "properties": {"areaName": "powiat pozna\u0144ski", "include": true}, "geometry": {"type": "Polygon", "coordinates": [[[16.603082, 52.171046], [16.661719, 52.208814], [16.710247, 52.193536], [16.74135, 52.215393], [16.799396, 52.176766], [16.895008, 52.197817], [16.9453, 52.179652], [16.981823, 52.186379], [17.048968, 52.161904], [17.098382, 52.18384], [17.127738, 52.187899], [17.176945, 52.228076], [17.182982, 52.257107], [17.24058, 52.3119], [17.368657, 52.345318], [17.381913, 52.418782], [17.39773, 52.440214], [17.332875, 52.542946], [17.218813, 52.541652], [17.151461, 52.57399], [17.032822, 52.676243], [16.918249, 52.634618], [16.926217, 52.59971], [16.814952, 52.56815], [16.729816, 52.566059], [16.733967, 52.541387], [16.652169, 52.530127], [16.603244, 52.459479], [16.599371, 52.419346], [16.551554, 52.390957], [16.460747, 52.376627], [16.496546, 52.32308], [16.512668, 52.269904], [16.588612, 52.281168], [16.607207, 52.256111], [16.595198, 52.215849], [16.603082, 52.171046]], [[16.731588, 52.463746], [16.78167, 52.482875], [16.896005, 52.465206], [16.888244, 52.494695], [16.967946, 52.504992], [16.99396, 52.439292], [17.065583, 52.41649], [17.058609, 52.3575], [16.947002, 52.310196], [16.901922, 52.355775], [16.834124, 52.370356], [16.797175, 52.402208], [16.800793, 52.437345], [16.771086, 52.466782], [16.731588, 52.463746]]]}}, {"id": "179", "type": "Feature", "properties": {"areaName": "powiat prudnicki", "include": true}, "geometry": {"type": "Polygon", "coordinates": [[[17.813688, 50.530125], [17.763029, 50.554602], [17.665326, 50.482778], [17.670174, 50.457432], [17.607893, 50.43319], [17.545365, 50.395255], [17.479397, 50.396951], [17.452626, 50.359147], [17.451794, 50.29773], [17.504836, 50.274716], [17.616784, 50.26678], [17.719009, 50.320292], [17.75162, 50.299541], [17.808493, 50.316826], [17.848496, 50.277671], [17.88307, 50.28673], [17.919324, 50.265001], [17.975512, 50.320807], [18.028079, 50.322535], [18.032352, 50.346067], [17.918177, 50.364873], [17.880078, 50.405622], [17.753501, 50.421121], [17.757346, 50.485662], [17.813688, 50.530125]]]}}, {"id": "180", "type": "Feature", "properties": {"areaName": "powiat przysuski", "include": true}, "geometry": {"type": "Polygon", "coordinates": [[[20.610047, 51.242426], [20.707025, 51.269815], [20.767068, 51.271941], [20.779248, 51.319186], [20.823458, 51.31991], [20.854567, 51.343225], [20.838213, 51.364204], [20.886896, 51.402716], [20.847184, 51.421386], [20.764522, 51.418954], [20.798711, 51.511684], [20.721492, 51.539312], [20.70455, 51.577243], [20.643591, 51.583662], [20.494786, 51.560578], [20.517239, 51.61193], [20.424895, 51.611622], [20.419809, 51.600502], [20.468034, 51.559524], [20.452438, 51.503754], [20.519947, 51.509785], [20.528279, 51.463076], [20.454797, 51.409158], [20.421867, 51.363029], [20.432846, 51.339376], [20.508024, 51.330621], [20.501564, 51.286932], [20.543686, 51.231156], [20.610047, 51.242426]]]}}, {"id": "181", "type": "Feature", "properties": {"areaName": "powiat pszczy\u0144ski", "include": true}, "geometry": {"type": "Polygon", "coordinates": [[[18.890565, 49.911949], [18.951304, 49.918909], [19.028078, 49.951312], [19.09321, 49.956659], [19.122723, 49.97214], [19.119023, 50.009245], [19.144487, 50.039382], [19.0577, 50.019292], [19.036127, 50.077167], [18.933076, 50.081914], [18.874402, 50.100146], [18.847759, 50.07038], [18.753563, 50.05439], [18.739147, 49.999512], [18.679679, 50.00477], [18.650212, 49.958648], [18.686409, 49.951629], [18.669395, 49.914052], [18.629587, 49.899872], [18.667474, 49.886013], [18.722221, 49.897554], [18.71034, 49.922797], [18.751328, 49.93586], [18.778242, 49.912071], [18.851737, 49.920226], [18.890565, 49.911949]]]}}, {"id": "182", "type": "Feature", "properties": {"areaName": "Gda\u0144sk", "include": true}, "geometry": {"type": "Polygon", "coordinates": [[[18.450937, 54.443022], [18.437051, 54.386645], [18.456998, 54.332306], [18.488019, 54.31695], [18.505725, 54.33564], [18.604827, 54.278452], [18.691334, 54.301603], [18.728081, 54.341514], [18.827492, 54.341436], [18.873126, 54.310421], [18.910122, 54.312419], [18.940698, 54.280206], [18.933734, 54.310636], [18.951302, 54.361783], [18.919404, 54.346844], [18.84953, 54.352598], [18.727216, 54.376302], [18.660542, 54.413503], [18.591514, 54.430281], [18.507545, 54.422752], [18.450937, 54.443022]]]}}, {"id": "183", "type": "Feature", "properties": {"areaName": "Kalisz", "include": true}, "geometry": {"type": "Polygon", "coordinates": [[[18.009661, 51.759668], [17.997888, 51.717597], [18.087271, 51.706253], [18.118987, 51.709193], [18.132079, 51.76028], [18.100417, 51.785372], [18.042517, 51.779474], [18.009661, 51.759668]]]}}, {"id": "184", "type": "Feature", "properties": {"areaName": "Bytom", "include": true}, "geometry": {"type": "Polygon", "coordinates": [[[18.959052, 50.335331], [18.96391, 50.355101], [18.914495, 50.372156], [18.89073, 50.399606], [18.834186, 50.412465], [18.800244, 50.373925], [18.862385, 50.328097], [18.896031, 50.32493], [18.92697, 50.318085], [18.959052, 50.335331]]]}}, {"id": "185", "type": "Feature", "properties": {"areaName": "Che\u0142m", "include": true}, "geometry": {"type": "Polygon", "coordinates": [[[23.420038, 51.14967], [23.457191, 51.114199], [23.530241, 51.110464], [23.52142, 51.144624], [23.463398, 51.166528], [23.420038, 51.14967]]]}}, {"id": "186", "type": "Feature", "properties": {"areaName": "Krosno", "include": true}, "geometry": {"type": "Polygon", "coordinates": [[[21.69469, 49.708474], [21.709209, 49.677416], [21.77613, 49.650697], [21.80261, 49.659724], [21.804871, 49.7003], [21.758156, 49.722195], [21.69469, 49.708474]]]}}, {"id": "187", "type": "Feature", "properties": {"areaName": "Leszno", "include": true}, "geometry": {"type": "Polygon", "coordinates": [[[16.523804, 51.834602], [16.54954, 51.806429], [16.60222, 51.816739], [16.623642, 51.865213], [16.569393, 51.873342], [16.523804, 51.834602]]]}}, {"id": "188", "type": "Feature", "properties": {"areaName": "\u0141om\u017ca", "include": true}, "geometry": {"type": "Polygon", "coordinates": [[[22.011157, 53.170244], [22.015129, 53.152091], [22.083639, 53.143664], [22.106596, 53.166541], [22.061046, 53.212622], [22.011157, 53.170244]]]}}, {"id": "189", "type": "Feature", "properties": {"areaName": "Ostro\u0142\u0119ka", "include": true}, "geometry": {"type": "Polygon", "coordinates": [[[21.535615, 53.075545], [21.606893, 53.043326], [21.6207, 53.112374], [21.550764, 53.092967], [21.535615, 53.075545]]]}}, {"id": "190", "type": "Feature", "properties": {"areaName": "P\u0142ock", "include": true}, "geometry": {"type": "Polygon", "coordinates": [[[19.624082, 52.518379], [19.695551, 52.473743], [19.76658, 52.533692], [19.728241, 52.582065], [19.650699, 52.597086], [19.624082, 52.518379]]]}}, {"id": "191", "type": "Feature", "properties": {"areaName": "powiat bartoszycki", "include": true}, "geometry": {"type": "Polygon", "coordinates": [[[21.220547, 54.334822], [21.007106, 54.353563], [20.818443, 54.36001], [20.438368, 54.387868], [20.313489, 54.402205], [20.333896, 54.367368], [20.277326, 54.341111], [20.260992, 54.275003], [20.309059, 54.271342], [20.393596, 54.221867], [20.491142, 54.185481], [20.569714, 54.202008], [20.591604, 54.191948], [20.732764, 54.213863], [20.816754, 54.118804], [20.780641, 54.074003], [20.790838, 54.035626], [20.844125, 54.022854], [20.877175, 54.04136], [20.946265, 54.050262], [20.993712, 54.028764], [21.047912, 54.056206], [21.082105, 54.037075], [21.06966, 54.082773], [21.104874, 54.093756], [21.057364, 54.128273], [21.023054, 54.124434], [21.052286, 54.210606], [21.030693, 54.224265], [21.057675, 54.258851], [21.179308, 54.259994], [21.169091, 54.296427], [21.217038, 54.312522], [21.220547, 54.334822]]]}}, {"id": "192", "type": "Feature", "properties": {"areaName": "powiat bia\u0142ogardzki", "include": true}, "geometry": {"type": "Polygon", "coordinates": [[[15.880179, 54.145651], [15.863384, 54.108421], [15.817666, 54.075976], [15.748535, 54.076736], [15.721133, 53.990234], [15.725728, 53.963961], [15.764194, 53.953378], [15.786883, 53.890566], [15.864534, 53.915865], [15.956731, 53.918092], [16.143992, 53.878384], [16.14684, 53.824864], [16.200484, 53.82539], [16.255112, 53.843012], [16.26475, 53.870931], [16.325807, 53.876497], [16.366205, 53.916875], [16.440472, 53.904296], [16.430943, 53.967046], [16.326874, 53.990812], [16.348682, 54.012038], [16.232225, 54.02342], [16.122573, 54.058142], [16.083395, 54.106794], [16.002692, 54.073381], [15.944143, 54.06568], [15.936022, 54.106289], [15.880179, 54.145651]]]}}, {"id": "193", "type": "Feature", "properties": {"areaName": "powiat boles\u0142awiecki", "include": true}, "geometry": {"type": "Polygon", "coordinates": [[[15.697784, 51.159265], [15.757383, 51.19018], [15.753016, 51.218559], [15.742351, 51.251878], [15.783556, 51.289613], [15.77183, 51.319446], [15.840271, 51.383566], [15.816244, 51.409893], [15.822154, 51.450709], [15.845216, 51.46605], [15.807496, 51.502554], [15.714032, 51.517397], [15.678928, 51.512382], [15.656009, 51.472399], [15.595944, 51.469551], [15.487664, 51.527564], [15.382388, 51.512438], [15.339411, 51.47409], [15.343283, 51.44695], [15.315193, 51.417669], [15.275517, 51.429797], [15.248633, 51.367833], [15.286177, 51.319349], [15.295889, 51.267006], [15.255615, 51.260142], [15.213713, 51.223547], [15.21704, 51.193138], [15.301964, 51.183396], [15.34007, 51.199509], [15.393606, 51.176017], [15.42833, 51.120168], [15.487556, 51.14942], [15.478472, 51.175322], [15.565283, 51.199292], [15.642883, 51.184631], [15.697784, 51.159265]]]}}, {"id": "194", "type": "Feature", "properties": {"areaName": "powiat braniewski", "include": true}, "geometry": {"type": "Polygon", "coordinates": [[[19.979002, 54.133944], [19.9549, 54.174287], [20.086692, 54.178082], [20.1859, 54.202333], [20.268185, 54.182326], [20.332705, 54.187317], [20.339771, 54.215948], [20.393596, 54.221867], [20.309059, 54.271342], [20.260992, 54.275003], [20.277326, 54.341111], [20.333896, 54.367368], [20.313489, 54.402205], [20.007365, 54.42474], [19.803861, 54.442404], [19.744557, 54.42974], [19.685733, 54.36466], [19.624783, 54.340953], [19.619138, 54.302026], [19.680019, 54.264769], [19.742794, 54.264712], [19.778193, 54.245014], [19.783365, 54.149882], [19.734691, 54.122794], [19.793698, 54.102375], [19.842598, 54.120884], [19.893068, 54.119038], [19.979002, 54.133944]]]}}, {"id": "195", "type": "Feature", "properties": {"areaName": "powiat brodnicki", "include": true}, "geometry": {"type": "Polygon", "coordinates": [[[19.106866, 53.380642], [19.083966, 53.357525], [19.122393, 53.339449], [19.14213, 53.227479], [19.224541, 53.227335], [19.253482, 53.199756], [19.327298, 53.216699], [19.328924, 53.170402], [19.368384, 53.107389], [19.471367, 53.11636], [19.589582, 53.080306], [19.592692, 53.10581], [19.646522, 53.112209], [19.761595, 53.151796], [19.741681, 53.188556], [19.752741, 53.212558], [19.691855, 53.252162], [19.718123, 53.302068], [19.69011, 53.336292], [19.641528, 53.344606], [19.519728, 53.330453], [19.484633, 53.359996], [19.43245, 53.362916], [19.380602, 53.410912], [19.291228, 53.389172], [19.259198, 53.396483], [19.224321, 53.456632], [19.138841, 53.420666], [19.106866, 53.380642]]]}}, {"id": "196", "type": "Feature", "properties": {"areaName": "powiat brzeski", "include": true}, "geometry": {"type": "Polygon", "coordinates": [[[20.511091, 50.138536], [20.508316, 50.103447], [20.632079, 50.056318], [20.590247, 50.033669], [20.550414, 49.957197], [20.566485, 49.915958], [20.554686, 49.884555], [20.578518, 49.837902], [20.534235, 49.833458], [20.518081, 49.798244], [20.585079, 49.761873], [20.629637, 49.796342], [20.71317, 49.806555], [20.722563, 49.881334], [20.756651, 49.9142], [20.74857, 50.002277], [20.757628, 50.052699], [20.781293, 50.070239], [20.764071, 50.130195], [20.697059, 50.163301], [20.681531, 50.200801], [20.58205, 50.140731], [20.511091, 50.138536]]]}}, {"id": "197", "type": "Feature", "properties": {"areaName": "powiat brzeski", "include": true}, "geometry": {"type": "Polygon", "coordinates": [[[17.54366, 50.999789], [17.50155, 50.975587], [17.431397, 50.967086], [17.42724, 50.910573], [17.38429, 50.862065], [17.328201, 50.850595], [17.318344, 50.821146], [17.25622, 50.774594], [17.259077, 50.690468], [17.239575, 50.671651], [17.232166, 50.614474], [17.206477, 50.586106], [17.277856, 50.583544], [17.359619, 50.641409], [17.419452, 50.611032], [17.466847, 50.61506], [17.516116, 50.729099], [17.606588, 50.710785], [17.644809, 50.681577], [17.669246, 50.722875], [17.705884, 50.714541], [17.76183, 50.779755], [17.69186, 50.796351], [17.658675, 50.819734], [17.614221, 50.823723], [17.602475, 50.857445], [17.691952, 50.919026], [17.665967, 50.974473], [17.54366, 50.999789]]]}}, {"id": "198", "type": "Feature", "properties": {"areaName": "powiat buski", "include": true}, "geometry": {"type": "Polygon", "coordinates": [[[21.146535, 50.353804], [21.113042, 50.366065], [21.125515, 50.403178], [21.080896, 50.433294], [21.033265, 50.435257], [21.00586, 50.469052], [21.015468, 50.489423], [21.075934, 50.476538], [21.096649, 50.520037], [21.052898, 50.566335], [20.976028, 50.558366], [20.950629, 50.568404], [20.916265, 50.614161], [20.874064, 50.635699], [20.829163, 50.63545], [20.81258, 50.568764], [20.684447, 50.546262], [20.64784, 50.500016], [20.621078, 50.369517], [20.626523, 50.331308], [20.688112, 50.289682], [20.774728, 50.277705], [20.829598, 50.274107], [20.854886, 50.296079], [20.955196, 50.31604], [21.064507, 50.318073], [21.146535, 50.353804]]]}}, {"id": "199", "type": "Feature", "properties": {"areaName": "powiat bydgoski", "include": true}, "geometry": {"type": "Polygon", "coordinates": [[[18.349483, 53.169775], [18.348936, 53.210334], [18.279668, 53.253078], [18.185572, 53.27819], [18.179273, 53.297846], [18.116436, 53.330141], [18.053377, 53.341236], [18.065131, 53.37907], [18.034279, 53.393578], [17.964278, 53.391896], [17.932189, 53.430438], [17.889063, 53.435846], [17.845079, 53.41681], [17.769505, 53.433228], [17.77073, 53.40231], [17.706061, 53.371598], [17.690159, 53.348142], [17.732887, 53.322537], [17.702421, 53.285882], [17.697628, 53.238901], [17.668997, 53.22832], [17.709277, 53.191379], [17.746819, 53.181286], [17.744032, 53.142688], [17.783994, 53.139507], [17.777825, 53.103131], [17.840119, 53.092181], [17.878377, 53.042988], [17.963314, 53.031607], [18.008841, 52.962813], [18.047171, 52.971122], [18.082351, 52.947479], [18.218025, 52.945977], [18.244034, 52.97414], [18.306851, 52.990984], [18.366896, 52.986942], [18.407412, 53.0395], [18.300383, 53.07958], [18.154029, 53.098766], [18.111169, 53.065088], [18.039758, 53.05011], [18.027874, 53.095058], [17.9475, 53.101863], [17.958496, 53.150467], [17.995416, 53.179709], [18.11899, 53.16735], [18.163417, 53.177231], [18.1837, 53.148516], [18.134894, 53.119508], [18.144276, 53.103153], [18.236465, 53.127253], [18.304033, 53.128052], [18.303393, 53.154199], [18.349483, 53.169775]]]}}, {"id": "200", "type": "Feature", "properties": {"areaName": "powiat bytowski", "include": true}, "geometry": {"type": "Polygon", "coordinates": [[[17.800194, 54.178172], [17.694623, 54.181848], [17.72514, 54.216673], [17.700318, 54.244856], [17.724688, 54.264727], [17.707916, 54.303771], [17.7505, 54.35432], [17.741191, 54.370288], [17.663995, 54.382345], [17.600384, 54.442505], [17.514838, 54.426308], [17.485451, 54.410046], [17.437161, 54.321524], [17.425954, 54.269797], [17.361276, 54.24325], [17.342357, 54.279578], [17.239949, 54.314155], [17.150519, 54.282852], [17.043604, 54.309515], [17.014466, 54.264524], [17.029071, 54.20801], [16.970562, 54.186448], [16.972767, 54.15879], [16.793294, 54.084548], [16.811424, 54.060285], [16.782905, 54.022708], [16.792766, 53.985551], [16.825068, 54.004284], [16.87412, 53.97727], [16.862505, 53.950787], [16.955189, 53.906864], [16.982078, 53.904897], [17.049214, 53.964533], [17.126399, 54.00814], [17.23175, 53.981723], [17.227271, 53.955954], [17.297768, 53.872892], [17.347425, 53.932608], [17.443874, 53.9319], [17.491277, 53.922185], [17.53212, 53.983414], [17.574713, 53.989335], [17.582024, 54.031336], [17.64686, 54.025863], [17.679712, 54.090536], [17.737523, 54.103137], [17.721402, 54.128202], [17.800194, 54.178172]]]}}, {"id": "201", "type": "Feature", "properties": {"areaName": "powiat che\u0142mski", "include": true}, "geometry": {"type": "Polygon", "coordinates": [[[23.040884, 51.183563], [23.064719, 51.097315], [23.073922, 51.083373], [23.176818, 51.094742], [23.273897, 51.057138], [23.448595, 51.04164], [23.449826, 51.008454], [23.392343, 50.973965], [23.479519, 50.898324], [23.580413, 50.873523], [23.599881, 50.93145], [23.720898, 50.947419], [23.720574, 50.922431], [23.779016, 50.924252], [23.837861, 50.941897], [23.875403, 50.973205], [23.926705, 50.974777], [23.93699, 51.003371], [23.911092, 51.0746], [23.875926, 51.077068], [23.849612, 51.123973], [23.860511, 51.157846], [23.814216, 51.170712], [23.750256, 51.210822], [23.705978, 51.276224], [23.593111, 51.271069], [23.559496, 51.316789], [23.506381, 51.32622], [23.506335, 51.360924], [23.477958, 51.374106], [23.352335, 51.349629], [23.285008, 51.362318], [23.269204, 51.329803], [23.233891, 51.31383], [23.210274, 51.261438], [23.09153, 51.243026], [23.040438, 51.205089], [23.040884, 51.183563]], [[23.420038, 51.14967], [23.463398, 51.166528], [23.52142, 51.144624], [23.530241, 51.110464], [23.457191, 51.114199], [23.420038, 51.14967]]]}}, {"id": "202", "type": "Feature", "properties": {"areaName": "powiat chojnicki", "include": true}, "geometry": {"type": "Polygon", "coordinates": [[[17.64686, 54.025863], [17.582024, 54.031336], [17.574713, 53.989335], [17.53212, 53.983414], [17.491277, 53.922185], [17.443874, 53.9319], [17.347425, 53.932608], [17.297768, 53.872892], [17.342282, 53.861342], [17.355286, 53.808711], [17.437816, 53.787845], [17.475085, 53.739787], [17.521076, 53.715872], [17.466406, 53.601539], [17.510213, 53.613183], [17.544077, 53.58027], [17.604345, 53.596883], [17.656698, 53.571152], [17.730448, 53.592905], [17.711926, 53.636221], [17.766877, 53.689091], [17.851838, 53.688042], [17.898544, 53.710571], [17.900864, 53.747906], [17.947184, 53.747119], [17.991242, 53.724505], [18.046938, 53.736167], [18.072036, 53.781075], [18.122617, 53.824015], [18.063505, 53.850275], [18.109946, 53.895056], [18.106378, 53.925514], [18.030438, 53.901725], [17.867842, 53.835837], [17.869428, 53.88617], [17.79756, 53.915026], [17.812474, 53.940761], [17.75842, 53.957252], [17.724372, 54.001604], [17.681741, 53.995907], [17.64686, 54.025863]]]}}, {"id": "203", "type": "Feature", "properties": {"areaName": "powiat garwoli\u0144ski", "include": true}, "geometry": {"type": "Polygon", "coordinates": [[[21.887857, 51.990816], [21.751677, 51.990605], [21.648372, 52.02779], [21.577712, 52.033215], [21.531294, 52.021612], [21.513627, 51.983574], [21.469, 51.978841], [21.449488, 51.912245], [21.337666, 51.895105], [21.275677, 51.876825], [21.286409, 51.861674], [21.310523, 51.842728], [21.382273, 51.82214], [21.435152, 51.783759], [21.412574, 51.753835], [21.472818, 51.664842], [21.543158, 51.664136], [21.615546, 51.617563], [21.652465, 51.659231], [21.713353, 51.635553], [21.838726, 51.65222], [21.877752, 51.676583], [21.87365, 51.728734], [21.835912, 51.749422], [21.956384, 51.793874], [21.942202, 51.825965], [21.845324, 51.841243], [21.91289, 51.886538], [21.866354, 51.943447], [21.889174, 51.973183], [21.887857, 51.990816]]]}}, {"id": "204", "type": "Feature", "properties": {"areaName": "powiat goleniowski", "include": true}, "geometry": {"type": "Polygon", "coordinates": [[[14.6165, 53.770995], [14.56879, 53.76468], [14.53855, 53.70308], [14.583456, 53.65451], [14.59628, 53.593097], [14.601243, 53.558702], [14.635264, 53.533929], [14.682866, 53.53116], [14.697842, 53.467945], [14.777979, 53.402982], [14.77762, 53.425709], [14.91616, 53.443797], [14.961901, 53.458545], [15.069415, 53.459551], [15.120834, 53.480464], [15.15075, 53.468991], [15.236486, 53.531376], [15.154143, 53.553541], [15.16727, 53.584747], [15.213216, 53.596756], [15.216718, 53.626879], [15.309584, 53.62188], [15.301772, 53.660647], [15.260785, 53.683022], [15.222556, 53.726799], [15.146677, 53.786546], [15.083257, 53.793851], [14.950395, 53.775745], [14.895474, 53.814069], [14.838357, 53.790647], [14.797111, 53.811837], [14.670776, 53.770806], [14.6165, 53.770995]]]}}, {"id": "205", "type": "Feature", "properties": {"areaName": "powiat golubsko-dobrzy\u0144ski", "include": true}, "geometry": {"type": "Polygon", "coordinates": [[[19.253482, 53.199756], [19.224541, 53.227335], [19.14213, 53.227479], [19.08622, 53.184828], [19.01524, 53.172746], [18.963479, 53.186372], [18.811092, 53.183795], [18.761789, 53.201074], [18.752183, 53.155382], [18.805551, 53.12713], [18.826926, 53.070955], [18.908743, 53.02444], [18.951422, 53.015039], [18.956648, 52.987812], [19.07478, 52.993103], [19.094164, 52.968964], [19.148695, 52.962106], [19.177332, 52.987126], [19.238995, 53.001545], [19.205102, 53.009481], [19.182435, 53.049293], [19.223041, 53.061734], [19.22739, 53.093978], [19.186134, 53.152777], [19.253482, 53.199756]]]}}, {"id": "206", "type": "Feature", "properties": {"areaName": "powiat gorlicki", "include": true}, "geometry": {"type": "Polygon", "coordinates": [[[20.88244, 49.731779], [20.907752, 49.683564], [21.004223, 49.676463], [21.058427, 49.643655], [21.047142, 49.619872], [20.999563, 49.596828], [21.023622, 49.568702], [20.998717, 49.531452], [21.042246, 49.481516], [21.020173, 49.459956], [21.054712, 49.421228], [21.124024, 49.43658], [21.192128, 49.400993], [21.277525, 49.46094], [21.398662, 49.433842], [21.411372, 49.46781], [21.390718, 49.489008], [21.380288, 49.569763], [21.326817, 49.59219], [21.362798, 49.634142], [21.341722, 49.659324], [21.348678, 49.692674], [21.31254, 49.747769], [21.257819, 49.752131], [21.241772, 49.776104], [21.157593, 49.781612], [20.959722, 49.747472], [20.939272, 49.728272], [20.88244, 49.731779]]]}}, {"id": "207", "type": "Feature", "properties": {"areaName": "powiat gostyni\u0144ski", "include": true}, "geometry": {"type": "Polygon", "coordinates": [[[19.395674, 52.512855], [19.338888, 52.479786], [19.296324, 52.424261], [19.289189, 52.392712], [19.32227, 52.34839], [19.407142, 52.338876], [19.463101, 52.342749], [19.54711, 52.294272], [19.615851, 52.288217], [19.634589, 52.256174], [19.736206, 52.258449], [19.815966, 52.283937], [19.848562, 52.27236], [19.885538, 52.309876], [19.936093, 52.299733], [19.98276, 52.337573], [19.9573, 52.32755], [19.852787, 52.382313], [19.778623, 52.349632], [19.689026, 52.355371], [19.66805, 52.409881], [19.557379, 52.407846], [19.563826, 52.44119], [19.550222, 52.501616], [19.499802, 52.526072], [19.395674, 52.512855]]]}}, {"id": "208", "type": "Feature", "properties": {"areaName": "powiat gosty\u0144ski", "include": true}, "geometry": {"type": "Polygon", "coordinates": [[[17.128191, 51.702048], [17.175943, 51.71462], [17.152834, 51.745848], [17.180424, 51.791657], [17.271427, 51.751292], [17.322557, 51.761188], [17.318514, 51.848671], [17.336794, 51.885592], [17.313633, 51.912209], [17.240924, 51.952237], [17.18865, 51.967512], [17.125834, 51.946486], [17.119583, 51.924768], [17.036965, 51.941418], [17.043327, 51.971434], [17.004706, 51.98021], [16.924766, 51.935102], [16.860127, 51.927163], [16.899677, 51.866406], [16.851201, 51.841989], [16.84927, 51.79864], [16.769268, 51.783995], [16.741462, 51.792364], [16.72896, 51.733507], [16.814812, 51.744003], [16.861476, 51.73054], [16.892058, 51.693329], [16.959678, 51.712293], [16.995824, 51.69554], [17.079387, 51.719671], [17.128191, 51.702048]]]}}, {"id": "209", "type": "Feature", "properties": {"areaName": "powiat kro\u015bnie\u0144ski", "include": true}, "geometry": {"type": "Polygon", "coordinates": [[[21.963895, 49.617858], [21.851956, 49.64392], [21.882363, 49.703171], [21.912081, 49.72476], [21.854005, 49.754805], [21.894785, 49.781095], [21.860895, 49.791479], [21.811665, 49.781208], [21.743313, 49.792053], [21.66061, 49.843792], [21.618142, 49.797944], [21.63417, 49.773892], [21.603708, 49.74585], [21.622784, 49.709687], [21.5786, 49.688942], [21.59014, 49.629406], [21.612538, 49.592224], [21.593329, 49.545057], [21.61417, 49.497065], [21.569571, 49.456548], [21.580334, 49.435343], [21.630945, 49.447308], [21.658905, 49.416801], [21.699363, 49.418514], [21.763385, 49.383467], [21.838319, 49.391673], [21.900366, 49.354089], [21.952278, 49.350022], [21.93385, 49.383307], [21.920182, 49.452997], [21.969294, 49.488511], [21.923698, 49.533185], [21.915425, 49.582117], [21.926441, 49.616226], [21.963895, 49.617858]], [[21.69469, 49.708474], [21.758156, 49.722195], [21.804871, 49.7003], [21.80261, 49.659724], [21.77613, 49.650697], [21.709209, 49.677416], [21.69469, 49.708474]]]}}, {"id": "210", "type": "Feature", "properties": {"areaName": "powiat kro\u015bnie\u0144ski", "include": true}, "geometry": {"type": "Polygon", "coordinates": [[[15.091325, 52.226082], [14.91322, 52.210029], [14.87966, 52.155085], [14.810866, 52.138043], [14.812441, 52.109391], [14.755132, 52.070331], [14.74151, 52.02356], [14.707075, 51.979612], [14.719366, 51.941931], [14.674904, 51.889775], [14.611105, 51.857131], [14.59039, 51.820444], [14.649955, 51.78649], [14.732611, 51.82271], [14.768845, 51.857041], [14.858365, 51.849733], [14.938876, 51.893755], [15.015015, 51.887962], [15.106467, 51.862888], [15.204007, 51.899943], [15.293408, 51.962202], [15.258346, 52.003741], [15.277858, 52.021639], [15.256627, 52.084781], [15.30633, 52.131317], [15.290888, 52.213327], [15.220782, 52.194604], [15.197804, 52.218799], [15.100997, 52.205054], [15.091325, 52.226082]]]}}, {"id": "211", "type": "Feature", "properties": {"areaName": "powiat \u0142a\u0144cucki", "include": true}, "geometry": {"type": "Polygon", "coordinates": [[[22.447904, 50.123079], [22.409391, 50.125791], [22.370913, 50.166585], [22.233445, 50.246816], [22.194027, 50.22497], [22.17198, 50.175056], [22.09925, 50.16943], [22.128099, 50.114788], [22.171028, 50.10609], [22.130729, 50.048554], [22.132619, 50.017439], [22.184111, 50.000791], [22.225622, 49.963635], [22.234246, 49.931537], [22.277147, 49.926406], [22.350607, 50.008139], [22.341298, 50.046732], [22.374982, 50.053801], [22.383056, 50.089989], [22.416324, 50.090701], [22.447904, 50.123079]]]}}, {"id": "212", "type": "Feature", "properties": {"areaName": "powiat l\u0119borski", "include": true}, "geometry": {"type": "Polygon", "coordinates": [[[17.666786, 54.78292], [17.491299, 54.759279], [17.516641, 54.747181], [17.416742, 54.712579], [17.526398, 54.704707], [17.524462, 54.66083], [17.602925, 54.645451], [17.607781, 54.614902], [17.546697, 54.552429], [17.601824, 54.534464], [17.550765, 54.50581], [17.555034, 54.480219], [17.619329, 54.468676], [17.600384, 54.442505], [17.663995, 54.382345], [17.741191, 54.370288], [17.7505, 54.35432], [17.800522, 54.383135], [17.799109, 54.411752], [17.881272, 54.409979], [17.845585, 54.463283], [17.886973, 54.479222], [17.837012, 54.524692], [17.838409, 54.541907], [17.778453, 54.614366], [17.820203, 54.615863], [17.828684, 54.658476], [17.79695, 54.667846], [17.765185, 54.743733], [17.723602, 54.771699], [17.666786, 54.78292]]]}}, {"id": "213", "type": "Feature", "properties": {"areaName": "powiat \u0142\u0119czycki", "include": true}, "geometry": {"type": "Polygon", "coordinates": [[[18.827869, 52.064195], [18.909298, 52.003044], [18.962396, 52.025312], [19.034168, 52.005552], [19.096638, 52.013336], [19.128772, 52.000724], [19.21998, 52.014041], [19.289699, 52.036527], [19.385922, 52.005248], [19.4635, 51.996584], [19.558027, 52.021771], [19.562188, 52.034583], [19.531363, 52.124857], [19.488082, 52.129392], [19.367326, 52.108405], [19.318134, 52.173764], [19.266798, 52.162981], [19.183862, 52.202064], [19.077637, 52.200112], [19.02015, 52.215348], [18.930573, 52.199191], [18.90864, 52.152504], [18.949767, 52.119342], [18.925119, 52.079262], [18.85695, 52.08669], [18.827869, 52.064195]]]}}, {"id": "214", "type": "Feature", "properties": {"areaName": "powiat legionowski", "include": true}, "geometry": {"type": "Polygon", "coordinates": [[[21.085202, 52.337402], [21.116734, 52.368499], [21.120836, 52.411192], [21.080191, 52.507764], [21.142769, 52.519044], [21.121797, 52.553588], [21.053444, 52.5346], [20.976901, 52.537988], [20.93047, 52.55894], [20.891892, 52.484857], [20.820602, 52.485263], [20.762413, 52.46765], [20.763744, 52.403892], [20.820503, 52.378865], [20.885776, 52.377643], [20.915136, 52.35403], [20.943621, 52.36636], [21.023439, 52.357431], [21.073809, 52.367288], [21.085202, 52.337402]]]}}, {"id": "215", "type": "Feature", "properties": {"areaName": "powiat legnicki", "include": true}, "geometry": {"type": "Polygon", "coordinates": [[[16.471406, 51.231155], [16.463695, 51.267317], [16.415662, 51.293699], [16.341004, 51.332436], [16.308535, 51.291227], [16.259329, 51.283604], [16.212193, 51.295438], [16.07001, 51.291526], [16.01384, 51.327507], [15.922393, 51.344538], [15.840271, 51.383566], [15.77183, 51.319446], [15.783556, 51.289613], [15.742351, 51.251878], [15.753016, 51.218559], [15.808213, 51.262257], [15.904738, 51.246178], [15.952735, 51.204832], [16.038166, 51.22721], [16.061966, 51.195091], [16.024678, 51.148152], [16.047346, 51.115281], [16.096321, 51.100858], [16.1523, 51.136668], [16.236193, 51.098913], [16.2903, 51.109096], [16.326736, 51.144751], [16.35637, 51.149512], [16.406605, 51.125068], [16.441791, 51.126128], [16.467395, 51.147648], [16.446803, 51.171291], [16.471406, 51.231155]], [[16.083254, 51.181261], [16.123632, 51.199373], [16.150572, 51.233285], [16.211856, 51.246148], [16.232852, 51.21858], [16.184101, 51.160616], [16.105695, 51.166764], [16.083254, 51.181261]]]}}, {"id": "216", "type": "Feature", "properties": {"areaName": "powiat lidzbarski", "include": true}, "geometry": {"type": "Polygon", "coordinates": [[[20.058202, 54.076934], [20.095753, 54.076643], [20.161018, 53.98475], [20.275552, 54.01351], [20.355698, 54.070475], [20.371512, 54.103762], [20.469488, 54.064642], [20.465417, 54.031576], [20.50049, 54.008954], [20.642145, 53.999822], [20.722296, 54.02737], [20.7513, 54.07252], [20.780641, 54.074003], [20.816754, 54.118804], [20.732764, 54.213863], [20.591604, 54.191948], [20.569714, 54.202008], [20.491142, 54.185481], [20.393596, 54.221867], [20.339771, 54.215948], [20.332705, 54.187317], [20.268185, 54.182326], [20.1859, 54.202333], [20.086692, 54.178082], [19.9549, 54.174287], [19.979002, 54.133944], [20.026274, 54.11454], [20.058202, 54.076934]]]}}, {"id": "217", "type": "Feature", "properties": {"areaName": "powiat limanowski", "include": true}, "geometry": {"type": "Polygon", "coordinates": [[[20.518081, 49.798244], [20.470084, 49.780042], [20.365474, 49.778679], [20.343534, 49.815717], [20.271921, 49.813213], [20.244272, 49.829504], [20.156266, 49.802676], [20.132845, 49.744925], [20.0756, 49.730634], [20.039255, 49.746344], [20.008248, 49.710417], [20.01188, 49.672159], [19.991875, 49.653545], [19.9993, 49.61293], [20.039584, 49.559835], [20.119155, 49.544214], [20.214686, 49.550783], [20.29907, 49.569902], [20.362018, 49.53415], [20.385639, 49.561114], [20.365209, 49.580787], [20.376056, 49.621237], [20.42967, 49.61028], [20.505358, 49.577749], [20.545732, 49.58946], [20.554728, 49.658503], [20.579584, 49.67551], [20.565953, 49.73587], [20.585079, 49.761873], [20.518081, 49.798244]]]}}, {"id": "218", "type": "Feature", "properties": {"areaName": "powiat \u0142obeski", "include": true}, "geometry": {"type": "Polygon", "coordinates": [[[15.790881, 53.660003], [15.70054, 53.686807], [15.565577, 53.792573], [15.562486, 53.835194], [15.531319, 53.873546], [15.479241, 53.87712], [15.467965, 53.855982], [15.368145, 53.839271], [15.327679, 53.761609], [15.281021, 53.755091], [15.222556, 53.726799], [15.260785, 53.683022], [15.301772, 53.660647], [15.309584, 53.62188], [15.216718, 53.626879], [15.213216, 53.596756], [15.16727, 53.584747], [15.154143, 53.553541], [15.236486, 53.531376], [15.325044, 53.514971], [15.394065, 53.548505], [15.479152, 53.474176], [15.515676, 53.470736], [15.589055, 53.504516], [15.628904, 53.481317], [15.704855, 53.497521], [15.700453, 53.536593], [15.799971, 53.639567], [15.790881, 53.660003]]]}}, {"id": "219", "type": "Feature", "properties": {"areaName": "powiat \u0142osicki", "include": true}, "geometry": {"type": "Polygon", "coordinates": [[[22.720449, 52.372263], [22.740071, 52.345991], [22.72381, 52.280387], [22.670036, 52.268762], [22.673418, 52.242177], [22.628626, 52.199034], [22.589976, 52.180711], [22.577755, 52.136827], [22.648299, 52.090864], [22.698437, 52.108233], [22.754106, 52.094932], [22.789766, 52.068877], [22.902332, 52.063594], [22.902627, 52.110239], [22.933118, 52.136504], [23.029224, 52.174003], [23.03129, 52.216451], [23.128409, 52.287841], [23.07549, 52.282137], [23.038068, 52.329246], [22.995584, 52.331893], [22.957157, 52.368236], [22.919726, 52.374478], [22.849523, 52.358581], [22.752599, 52.383983], [22.720449, 52.372263]]]}}, {"id": "220", "type": "Feature", "properties": {"areaName": "powiat \u0142owicki", "include": true}, "geometry": {"type": "Polygon", "coordinates": [[[19.868187, 51.915994], [19.947886, 51.969345], [20.061659, 51.994582], [20.067412, 52.013405], [20.126802, 52.042693], [20.11562, 52.143837], [20.062074, 52.188123], [20.080494, 52.233039], [20.042099, 52.257686], [19.965089, 52.268272], [19.936093, 52.299733], [19.885538, 52.309876], [19.848562, 52.27236], [19.815966, 52.283937], [19.736206, 52.258449], [19.761552, 52.242247], [19.697963, 52.143492], [19.635152, 52.120401], [19.531363, 52.124857], [19.562188, 52.034583], [19.679201, 52.029005], [19.730898, 51.996637], [19.831852, 51.9769], [19.840031, 51.952023], [19.868187, 51.915994]]]}}, {"id": "221", "type": "Feature", "properties": {"areaName": "powiat lubelski", "include": true}, "geometry": {"type": "Polygon", "coordinates": [[[22.668898, 51.364493], [22.565984, 51.391502], [22.51179, 51.375718], [22.485955, 51.405406], [22.424607, 51.390625], [22.365466, 51.425943], [22.3013, 51.428355], [22.265776, 51.366442], [22.289267, 51.346531], [22.276924, 51.292063], [22.243628, 51.262303], [22.167766, 51.256579], [22.1663, 51.18856], [22.119611, 51.171169], [22.228688, 51.124344], [22.217157, 51.043528], [22.167607, 51.044184], [22.272149, 51.031471], [22.354556, 51.050273], [22.387186, 50.99922], [22.448784, 50.9844], [22.474756, 50.912899], [22.537282, 50.908928], [22.531862, 50.847844], [22.578062, 50.838377], [22.712801, 50.879938], [22.771186, 50.884392], [22.757111, 50.912213], [22.813472, 50.973384], [22.775303, 50.993925], [22.810451, 51.018566], [22.81188, 51.046397], [22.772537, 51.073667], [22.689977, 51.106459], [22.681101, 51.152101], [22.701571, 51.191094], [22.638795, 51.213971], [22.619854, 51.17961], [22.554087, 51.176524], [22.554921, 51.148685], [22.485438, 51.1432], [22.515866, 51.186431], [22.453788, 51.21524], [22.481506, 51.23115], [22.493912, 51.285011], [22.613612, 51.282024], [22.66455, 51.242461], [22.719377, 51.23468], [22.72401, 51.264144], [22.769867, 51.278072], [22.784508, 51.300291], [22.70148, 51.326704], [22.668898, 51.364493]]]}}, {"id": "222", "type": "Feature", "properties": {"areaName": "powiat lubi\u0144ski", "include": true}, "geometry": {"type": "Polygon", "coordinates": [[[16.327718, 51.59841], [16.3212, 51.570505], [16.26957, 51.566725], [16.243507, 51.522037], [16.186413, 51.512124], [16.185966, 51.456886], [16.072827, 51.452526], [16.10857, 51.40046], [16.069538, 51.380792], [16.079893, 51.337746], [16.01384, 51.327507], [16.07001, 51.291526], [16.212193, 51.295438], [16.259329, 51.283604], [16.308535, 51.291227], [16.341004, 51.332436], [16.415662, 51.293699], [16.460784, 51.32567], [16.477114, 51.366397], [16.438416, 51.427469], [16.467269, 51.501517], [16.463279, 51.559532], [16.355435, 51.609153], [16.327718, 51.59841]]]}}, {"id": "223", "type": "Feature", "properties": {"areaName": "powiat mielecki", "include": true}, "geometry": {"type": "Polygon", "coordinates": [[[21.153315, 50.149184], [21.221313, 50.133933], [21.274081, 50.149303], [21.39738, 50.164448], [21.511235, 50.161538], [21.611309, 50.178523], [21.602743, 50.209088], [21.610358, 50.249638], [21.531334, 50.285428], [21.573982, 50.296124], [21.566862, 50.332366], [21.640628, 50.34466], [21.598496, 50.386924], [21.550737, 50.400882], [21.56613, 50.43576], [21.532733, 50.450106], [21.482111, 50.496434], [21.451489, 50.464496], [21.401304, 50.439229], [21.367135, 50.441012], [21.281052, 50.408382], [21.208831, 50.354896], [21.22264, 50.310862], [21.183823, 50.29799], [21.142112, 50.237679], [21.170984, 50.208256], [21.153315, 50.149184]]]}}, {"id": "224", "type": "Feature", "properties": {"areaName": "powiat moniecki", "include": true}, "geometry": {"type": "Polygon", "coordinates": [[[22.844177, 53.686597], [22.776604, 53.667287], [22.752924, 53.633347], [22.670759, 53.60127], [22.698766, 53.568495], [22.634616, 53.529431], [22.612038, 53.465093], [22.551452, 53.43949], [22.543726, 53.404355], [22.497577, 53.348591], [22.430415, 53.218922], [22.479717, 53.213433], [22.545859, 53.22057], [22.603134, 53.21154], [22.641827, 53.249109], [22.707685, 53.277305], [22.770698, 53.237384], [22.812325, 53.224164], [22.881527, 53.228037], [22.987771, 53.290418], [23.077458, 53.30613], [23.117768, 53.339224], [23.094271, 53.346085], [23.109291, 53.397636], [23.058225, 53.401892], [23.074118, 53.496448], [23.022512, 53.534398], [22.997161, 53.578119], [22.929799, 53.58488], [22.89927, 53.570064], [22.877637, 53.674754], [22.844177, 53.686597]]]}}, {"id": "225", "type": "Feature", "properties": {"areaName": "powiat ni\u017ca\u0144ski", "include": true}, "geometry": {"type": "Polygon", "coordinates": [[[22.519735, 50.583234], [22.465282, 50.591938], [22.407323, 50.585535], [22.315542, 50.619489], [22.246296, 50.624904], [22.249865, 50.574418], [22.202044, 50.539795], [22.10965, 50.54816], [22.064931, 50.512867], [22.086582, 50.453358], [22.018889, 50.379426], [21.98398, 50.36745], [22.005565, 50.30891], [22.10176, 50.353904], [22.197615, 50.352153], [22.193109, 50.33658], [22.277547, 50.384154], [22.349181, 50.376531], [22.434576, 50.330972], [22.455738, 50.350135], [22.441436, 50.379931], [22.405448, 50.394439], [22.446215, 50.418954], [22.456351, 50.452176], [22.545498, 50.451981], [22.567229, 50.483226], [22.541222, 50.505663], [22.536247, 50.572169], [22.519735, 50.583234]]]}}, {"id": "226", "type": "Feature", "properties": {"areaName": "powiat nowodworski", "include": true}, "geometry": {"type": "Polygon", "coordinates": [[[20.820503, 52.378865], [20.763744, 52.403892], [20.762413, 52.46765], [20.820602, 52.485263], [20.891892, 52.484857], [20.93047, 52.55894], [20.90877, 52.588026], [20.855202, 52.61544], [20.855567, 52.633115], [20.728969, 52.632283], [20.714839, 52.617286], [20.70127, 52.59], [20.655826, 52.59539], [20.60627, 52.565841], [20.620142, 52.529904], [20.590149, 52.514369], [20.573424, 52.464055], [20.501068, 52.446977], [20.497473, 52.421906], [20.404814, 52.384342], [20.421482, 52.331084], [20.45749, 52.322135], [20.439155, 52.288244], [20.53417, 52.29479], [20.529515, 52.311912], [20.604134, 52.33372], [20.620105, 52.311334], [20.722482, 52.34484], [20.82051, 52.346123], [20.820503, 52.378865]]]}}, {"id": "227", "type": "Feature", "properties": {"areaName": "powiat nowomiejski", "include": true}, "geometry": {"type": "Polygon", "coordinates": [[[19.224321, 53.456632], [19.259198, 53.396483], [19.291228, 53.389172], [19.380602, 53.410912], [19.43245, 53.362916], [19.484633, 53.359996], [19.519728, 53.330453], [19.641528, 53.344606], [19.69011, 53.336292], [19.718123, 53.302068], [19.788519, 53.326875], [19.794466, 53.352377], [19.848986, 53.353547], [19.829481, 53.397225], [19.860644, 53.429215], [19.904018, 53.43602], [19.834493, 53.454976], [19.777215, 53.439329], [19.670091, 53.454508], [19.606416, 53.490726], [19.611013, 53.524034], [19.547032, 53.529794], [19.411511, 53.569373], [19.347614, 53.560153], [19.218839, 53.524259], [19.224321, 53.456632]]]}}, {"id": "228", "type": "Feature", "properties": {"areaName": "powiat obornicki", "include": true}, "geometry": {"type": "Polygon", "coordinates": [[[17.007038, 52.828364], [16.941222, 52.817147], [16.836658, 52.85766], [16.780163, 52.888833], [16.72478, 52.834206], [16.793649, 52.798588], [16.730955, 52.729428], [16.704356, 52.749724], [16.583302, 52.743094], [16.580041, 52.714285], [16.636366, 52.692254], [16.600358, 52.666588], [16.654412, 52.59862], [16.729816, 52.566059], [16.814952, 52.56815], [16.926217, 52.59971], [16.918249, 52.634618], [17.032822, 52.676243], [17.105872, 52.688495], [17.12933, 52.746772], [17.099045, 52.782803], [17.006381, 52.782256], [17.007038, 52.828364]]]}}, {"id": "229", "type": "Feature", "properties": {"areaName": "powiat olkuski", "include": true}, "geometry": {"type": "Polygon", "coordinates": [[[19.588736, 50.198148], [19.64821, 50.19995], [19.702715, 50.299748], [19.834352, 50.263672], [19.901435, 50.276065], [19.920941, 50.298536], [19.825327, 50.327464], [19.854437, 50.367676], [19.844538, 50.434196], [19.701858, 50.44816], [19.645327, 50.409201], [19.51951, 50.414978], [19.459388, 50.363285], [19.483944, 50.323597], [19.406558, 50.317379], [19.382408, 50.273392], [19.323423, 50.259145], [19.397017, 50.231611], [19.441976, 50.226574], [19.4831, 50.229139], [19.588736, 50.198148]]]}}, {"id": "230", "type": "Feature", "properties": {"areaName": "powiat olszty\u0144ski", "include": true}, "geometry": {"type": "Polygon", "coordinates": [[[20.598658, 53.530676], [20.653269, 53.617992], [20.687882, 53.629401], [20.701307, 53.661025], [20.759016, 53.695019], [20.853834, 53.732026], [20.908766, 53.779405], [20.958477, 53.783538], [21.067022, 53.763592], [21.104784, 53.770468], [21.104177, 53.82468], [21.05137, 53.866688], [21.127726, 53.938492], [21.117997, 53.992134], [21.086426, 53.997817], [21.082105, 54.037075], [21.047912, 54.056206], [20.993712, 54.028764], [20.946265, 54.050262], [20.877175, 54.04136], [20.844125, 54.022854], [20.790838, 54.035626], [20.780641, 54.074003], [20.7513, 54.07252], [20.722296, 54.02737], [20.642145, 53.999822], [20.50049, 54.008954], [20.465417, 54.031576], [20.469488, 54.064642], [20.371512, 54.103762], [20.355698, 54.070475], [20.275552, 54.01351], [20.161018, 53.98475], [20.113608, 53.93527], [20.121515, 53.894327], [20.177932, 53.882196], [20.130274, 53.851251], [20.137734, 53.806243], [20.16838, 53.782178], [20.112944, 53.712714], [20.143548, 53.70258], [20.144202, 53.640495], [20.116175, 53.614719], [20.170141, 53.54671], [20.260534, 53.498154], [20.233296, 53.472278], [20.26196, 53.460599], [20.350082, 53.462215], [20.416182, 53.500205], [20.511041, 53.530699], [20.598658, 53.530676]], [[20.36649, 53.780966], [20.40523, 53.818769], [20.492002, 53.822426], [20.552952, 53.80654], [20.566646, 53.785374], [20.526099, 53.734396], [20.480202, 53.733913], [20.36649, 53.780966]]]}}, {"id": "231", "type": "Feature", "properties": {"areaName": "powiat opatowski", "include": true}, "geometry": {"type": "Polygon", "coordinates": [[[21.835813, 50.878306], [21.81288, 50.934538], [21.817205, 50.974017], [21.826376, 51.047033], [21.802999, 51.07208], [21.760623, 51.042802], [21.705264, 51.04268], [21.676246, 51.078016], [21.630186, 51.063366], [21.687206, 51.019564], [21.590552, 50.953346], [21.61561, 50.925201], [21.577049, 50.896615], [21.545762, 50.850776], [21.496948, 50.826676], [21.464809, 50.845778], [21.459819, 50.875506], [21.403738, 50.88599], [21.257506, 50.845178], [21.23271, 50.819296], [21.13289, 50.822152], [21.135668, 50.764323], [21.16038, 50.740984], [21.145761, 50.698777], [21.197679, 50.701916], [21.268773, 50.685255], [21.350161, 50.683504], [21.416354, 50.704246], [21.541852, 50.699821], [21.555069, 50.763812], [21.622726, 50.796159], [21.689097, 50.773081], [21.72471, 50.787737], [21.720954, 50.82075], [21.798946, 50.870309], [21.835813, 50.878306]]]}}, {"id": "232", "type": "Feature", "properties": {"areaName": "powiat opoczy\u0144ski", "include": true}, "geometry": {"type": "Polygon", "coordinates": [[[20.432846, 51.339376], [20.421867, 51.363029], [20.454797, 51.409158], [20.528279, 51.463076], [20.519947, 51.509785], [20.452438, 51.503754], [20.468034, 51.559524], [20.419809, 51.600502], [20.366769, 51.576355], [20.325613, 51.582378], [20.300445, 51.55276], [20.21002, 51.492171], [20.191763, 51.463135], [20.05524, 51.468105], [20.057443, 51.440879], [19.926386, 51.42425], [19.866503, 51.40288], [19.891974, 51.365379], [19.990934, 51.356225], [20.06414, 51.247372], [19.99207, 51.220889], [19.993223, 51.184372], [19.994088, 51.184059], [20.025818, 51.200421], [20.12092, 51.190723], [20.251652, 51.206742], [20.256067, 51.236627], [20.390422, 51.272204], [20.364462, 51.30757], [20.432846, 51.339376]]]}}, {"id": "233", "type": "Feature", "properties": {"areaName": "powiat opolski", "include": true}, "geometry": {"type": "Polygon", "coordinates": [[[18.230106, 50.796733], [18.188814, 50.836465], [18.094129, 50.827019], [18.105749, 50.893963], [18.059501, 50.940612], [18.011681, 50.963606], [17.971258, 50.968069], [17.949394, 50.905202], [17.904999, 50.910046], [17.889259, 50.861354], [17.810548, 50.868955], [17.803267, 50.895558], [17.691952, 50.919026], [17.602475, 50.857445], [17.614221, 50.823723], [17.658675, 50.819734], [17.69186, 50.796351], [17.76183, 50.779755], [17.705884, 50.714541], [17.669246, 50.722875], [17.644809, 50.681577], [17.606588, 50.710785], [17.516116, 50.729099], [17.466847, 50.61506], [17.520804, 50.58587], [17.579172, 50.594041], [17.613, 50.556119], [17.692574, 50.557478], [17.721442, 50.575706], [17.763029, 50.554602], [17.813688, 50.530125], [17.873321, 50.501761], [17.897194, 50.546208], [18.007687, 50.547841], [18.042359, 50.562213], [18.118069, 50.554306], [18.207874, 50.649687], [18.278833, 50.642899], [18.342618, 50.695671], [18.297356, 50.729379], [18.230106, 50.796733]], [[17.779591, 50.690177], [17.859738, 50.731298], [17.886902, 50.763495], [17.928078, 50.767226], [17.927049, 50.713263], [17.959982, 50.699645], [18.001622, 50.657706], [18.014816, 50.621955], [17.960134, 50.621365], [17.851163, 50.643717], [17.840971, 50.679746], [17.779591, 50.690177]]]}}, {"id": "234", "type": "Feature", "properties": {"areaName": "powiat opolski", "include": true}, "geometry": {"type": "Polygon", "coordinates": [[[22.167607, 51.044184], [22.217157, 51.043528], [22.228688, 51.124344], [22.119611, 51.171169], [22.1663, 51.18856], [22.167766, 51.256579], [22.063375, 51.293822], [21.979941, 51.300822], [21.925055, 51.277754], [21.890577, 51.30873], [21.860111, 51.274702], [21.822331, 51.263078], [21.788457, 51.201525], [21.787012, 51.145205], [21.802999, 51.07208], [21.826376, 51.047033], [21.817205, 50.974017], [21.875203, 50.978986], [21.955176, 50.959446], [21.989491, 50.989971], [22.033467, 50.984464], [22.020371, 51.039832], [22.080879, 51.047205], [22.167607, 51.044184]]]}}, {"id": "235", "type": "Feature", "properties": {"areaName": "powiat piaseczy\u0144ski", "include": true}, "geometry": {"type": "Polygon", "coordinates": [[[20.986268, 52.117606], [20.928264, 52.11983], [20.840131, 52.061774], [20.812191, 52.022067], [20.772444, 52.000627], [20.697664, 51.981447], [20.686031, 51.954832], [20.727155, 51.94379], [20.78983, 51.952488], [20.839517, 51.930454], [20.920645, 51.934302], [20.95242, 51.910108], [21.087026, 51.939613], [21.183737, 51.928036], [21.196927, 51.898003], [21.239111, 51.90163], [21.279408, 51.963479], [21.221684, 52.004078], [21.205088, 52.062311], [21.207481, 52.10372], [21.164958, 52.144727], [21.079977, 52.097851], [20.986268, 52.117606]]]}}, {"id": "236", "type": "Feature", "properties": {"areaName": "powiat pilski", "include": true}, "geometry": {"type": "Polygon", "coordinates": [[[17.32395, 53.078264], [17.360944, 53.117441], [17.331951, 53.217787], [17.409208, 53.227253], [17.438793, 53.267515], [17.392329, 53.290936], [17.340696, 53.344977], [17.257241, 53.363391], [17.260706, 53.326993], [17.19428, 53.297533], [17.189936, 53.270424], [17.141975, 53.26201], [17.137276, 53.237677], [17.077094, 53.239566], [17.045338, 53.224], [16.996035, 53.234334], [16.945811, 53.221996], [16.856995, 53.177907], [16.787265, 53.188387], [16.821659, 53.241551], [16.790642, 53.28467], [16.714467, 53.299132], [16.676102, 53.290734], [16.596068, 53.229698], [16.558577, 53.229044], [16.501091, 53.172662], [16.455201, 53.164381], [16.390526, 53.130953], [16.479592, 53.115069], [16.52074, 53.129652], [16.608678, 53.10616], [16.680862, 53.127308], [16.691757, 53.090495], [16.625424, 53.044373], [16.650254, 53.022402], [16.646456, 52.957653], [16.737816, 52.979892], [16.807816, 53.053047], [16.951046, 53.053474], [17.206594, 53.089769], [17.28898, 53.084012], [17.32395, 53.078264]]]}}, {"id": "237", "type": "Feature", "properties": {"areaName": "powiat pi\u0144czowski", "include": true}, "geometry": {"type": "Polygon", "coordinates": [[[20.272869, 50.469946], [20.260608, 50.441431], [20.320902, 50.384458], [20.330486, 50.352703], [20.305328, 50.335886], [20.373123, 50.356442], [20.42485, 50.35313], [20.501242, 50.386767], [20.543003, 50.338641], [20.626523, 50.331308], [20.621078, 50.369517], [20.64784, 50.500016], [20.684447, 50.546262], [20.641291, 50.55667], [20.661061, 50.63476], [20.626596, 50.670305], [20.584294, 50.667849], [20.5539, 50.641378], [20.500365, 50.635996], [20.499129, 50.567382], [20.458351, 50.528904], [20.341321, 50.546026], [20.329744, 50.502418], [20.369426, 50.488492], [20.325212, 50.454651], [20.272869, 50.469946]]]}}, {"id": "238", "type": "Feature", "properties": {"areaName": "powiat piotrkowski", "include": true}, "geometry": {"type": "Polygon", "coordinates": [[[19.459858, 51.286072], [19.519118, 51.271304], [19.537696, 51.222676], [19.571357, 51.20044], [19.584929, 51.161954], [19.621048, 51.149234], [19.698595, 51.164532], [19.755983, 51.14079], [19.827208, 51.139197], [19.841754, 51.12119], [19.901644, 51.107001], [19.903094, 51.159467], [19.965005, 51.20184], [19.993223, 51.184372], [19.99207, 51.220889], [20.06414, 51.247372], [19.990934, 51.356225], [19.891974, 51.365379], [19.866503, 51.40288], [19.926386, 51.42425], [19.957848, 51.451956], [19.918486, 51.482127], [19.890676, 51.544551], [19.8495, 51.578458], [19.821833, 51.543054], [19.713646, 51.572025], [19.708276, 51.629399], [19.664801, 51.649121], [19.594278, 51.581087], [19.616697, 51.555995], [19.598449, 51.507876], [19.505981, 51.52178], [19.468328, 51.542587], [19.414278, 51.525341], [19.456176, 51.510193], [19.43903, 51.465741], [19.481228, 51.442391], [19.46548, 51.40181], [19.498772, 51.370448], [19.459858, 51.286072]], [[19.622927, 51.379883], [19.6418, 51.43616], [19.740656, 51.44423], [19.74443, 51.3785], [19.622927, 51.379883]]]}}, {"id": "239", "type": "Feature", "properties": {"areaName": "powiat proszowicki", "include": true}, "geometry": {"type": "Polygon", "coordinates": [[[20.292623, 50.322199], [20.271649, 50.309466], [20.176865, 50.290149], [20.138264, 50.271786], [20.174895, 50.186773], [20.160716, 50.151465], [20.201315, 50.120472], [20.209079, 50.115565], [20.26277, 50.120092], [20.28438, 50.159291], [20.324522, 50.157803], [20.321772, 50.122263], [20.353757, 50.117105], [20.445658, 50.140245], [20.511091, 50.138536], [20.58205, 50.140731], [20.681531, 50.200801], [20.681534, 50.205906], [20.557218, 50.201638], [20.518564, 50.188606], [20.477365, 50.199297], [20.415518, 50.191237], [20.384709, 50.207593], [20.367593, 50.248694], [20.330784, 50.267527], [20.328441, 50.318738], [20.292623, 50.322199]]]}}, {"id": "240", "type": "Feature", "properties": {"areaName": "powiat pruszkowski", "include": true}, "geometry": {"type": "Polygon", "coordinates": [[[20.853065, 52.197195], [20.697793, 52.190551], [20.630799, 52.165159], [20.67, 52.15892], [20.678462, 52.128807], [20.733411, 52.084889], [20.724158, 52.04814], [20.772444, 52.000627], [20.812191, 52.022067], [20.840131, 52.061774], [20.928264, 52.11983], [20.986268, 52.117606], [20.985028, 52.139075], [20.867202, 52.182496], [20.853065, 52.197195]]]}}, {"id": "241", "type": "Feature", "properties": {"areaName": "powiat rycki", "include": true}, "geometry": {"type": "Polygon", "coordinates": [[[21.833096, 51.548364], [21.889513, 51.53596], [21.945412, 51.539911], [21.999875, 51.573192], [22.159799, 51.573996], [22.187784, 51.584377], [22.212114, 51.604269], [22.193303, 51.659696], [22.135432, 51.708892], [22.062878, 51.728938], [22.064382, 51.780158], [21.956384, 51.793874], [21.835912, 51.749422], [21.87365, 51.728734], [21.877752, 51.676583], [21.838726, 51.65222], [21.713353, 51.635553], [21.652465, 51.659231], [21.615546, 51.617563], [21.659835, 51.580037], [21.755028, 51.56052], [21.817353, 51.564156], [21.833096, 51.548364]]]}}, {"id": "242", "type": "Feature", "properties": {"areaName": "powiat rzeszowski", "include": true}, "geometry": {"type": "Polygon", "coordinates": [[[22.294471, 49.744582], [22.336412, 49.766595], [22.305364, 49.788615], [22.299052, 49.872814], [22.266817, 49.872874], [22.234246, 49.931537], [22.225622, 49.963635], [22.184111, 50.000791], [22.132619, 50.017439], [22.130729, 50.048554], [22.171028, 50.10609], [22.128099, 50.114788], [22.09925, 50.16943], [22.17198, 50.175056], [22.194027, 50.22497], [22.233445, 50.246816], [22.198885, 50.285747], [22.193109, 50.33658], [22.197615, 50.352153], [22.10176, 50.353904], [22.005565, 50.30891], [22.085978, 50.307613], [22.092063, 50.267447], [22.000906, 50.232327], [21.975879, 50.248388], [21.920077, 50.235712], [21.934651, 50.20096], [21.864757, 50.177402], [21.859375, 50.150984], [21.80337, 50.151435], [21.788602, 50.09745], [21.806662, 50.006909], [21.748191, 49.968886], [21.804112, 49.971916], [21.895738, 49.957342], [21.90122, 49.932476], [21.944597, 49.875855], [22.020216, 49.837621], [22.098111, 49.835506], [22.124617, 49.805222], [22.171201, 49.781446], [22.206209, 49.795636], [22.294471, 49.744582]], [[21.858684, 50.042823], [21.923128, 50.056633], [21.951821, 50.076995], [22.066724, 50.071846], [22.033849, 49.970626], [21.958257, 49.957611], [21.936186, 50.032325], [21.858684, 50.042823]]]}}, {"id": "243", "type": "Feature", "properties": {"areaName": "powiat s\u0119pole\u0144ski", "include": true}, "geometry": {"type": "Polygon", "coordinates": [[[17.390653, 53.490964], [17.382488, 53.468596], [17.294651, 53.421764], [17.257241, 53.363391], [17.340696, 53.344977], [17.392329, 53.290936], [17.438793, 53.267515], [17.453183, 53.283962], [17.52609, 53.277567], [17.555279, 53.294901], [17.613974, 53.274505], [17.702421, 53.285882], [17.732887, 53.322537], [17.690159, 53.348142], [17.706061, 53.371598], [17.77073, 53.40231], [17.769505, 53.433228], [17.728646, 53.434439], [17.719799, 53.505397], [17.649686, 53.515538], [17.63193, 53.55734], [17.656698, 53.571152], [17.604345, 53.596883], [17.544077, 53.58027], [17.510213, 53.613183], [17.466406, 53.601539], [17.431332, 53.592451], [17.390653, 53.490964]]]}}, {"id": "244", "type": "Feature", "properties": {"areaName": "powiat sieradzki", "include": true}, "geometry": {"type": "Polygon", "coordinates": [[[18.803023, 51.410542], [18.857083, 51.454938], [18.863136, 51.489124], [18.868041, 51.522655], [18.811274, 51.563204], [18.879866, 51.600487], [18.856846, 51.642398], [18.804927, 51.671782], [18.841615, 51.696697], [18.83994, 51.722516], [18.764322, 51.749528], [18.734458, 51.734677], [18.651368, 51.748629], [18.684167, 51.820795], [18.594795, 51.848158], [18.471965, 51.851006], [18.439255, 51.824822], [18.432562, 51.765178], [18.393067, 51.701374], [18.355565, 51.660713], [18.381629, 51.650968], [18.358344, 51.536286], [18.380194, 51.518296], [18.382984, 51.477182], [18.358014, 51.466592], [18.326287, 51.419882], [18.344441, 51.388377], [18.465391, 51.399442], [18.561138, 51.383634], [18.660279, 51.358558], [18.767137, 51.365714], [18.803023, 51.410542]]]}}, {"id": "245", "type": "Feature", "properties": {"areaName": "powiat skar\u017cyski", "include": true}, "geometry": {"type": "Polygon", "coordinates": [[[20.604724, 51.051372], [20.686414, 51.010825], [20.739602, 51.009163], [20.737564, 50.977582], [20.764094, 50.949823], [20.828332, 50.962858], [20.838828, 50.996145], [20.913206, 51.031814], [20.9168, 51.061529], [20.956402, 51.073592], [20.983667, 51.166488], [20.92072, 51.195338], [20.879781, 51.154424], [20.8216, 51.178448], [20.813023, 51.145835], [20.718407, 51.172716], [20.685695, 51.151208], [20.668673, 51.108753], [20.603928, 51.078015], [20.604724, 51.051372]]]}}, {"id": "246", "type": "Feature", "properties": {"areaName": "powiat skierniewicki", "include": true}, "geometry": {"type": "Polygon", "coordinates": [[[20.015976, 51.773186], [20.115841, 51.740135], [20.139616, 51.74149], [20.188996, 51.78396], [20.13669, 51.83584], [20.215535, 51.850414], [20.336261, 51.851474], [20.41508, 51.869625], [20.439308, 51.849632], [20.518797, 51.892245], [20.475485, 51.930998], [20.439746, 51.94349], [20.353815, 51.919664], [20.240744, 51.950999], [20.271747, 51.971169], [20.205966, 52.027974], [20.269948, 52.07713], [20.252011, 52.117418], [20.202368, 52.114725], [20.160463, 52.151245], [20.11562, 52.143837], [20.126802, 52.042693], [20.067412, 52.013405], [20.061659, 51.994582], [19.947886, 51.969345], [19.868187, 51.915994], [19.876119, 51.872341], [19.922694, 51.849594], [20.014308, 51.826853], [19.987251, 51.780322], [20.015976, 51.773186]], [[20.10504, 51.958369], [20.15022, 51.987642], [20.186347, 51.974906], [20.181472, 51.929519], [20.10522, 51.927137], [20.10504, 51.958369]]]}}, {"id": "247", "type": "Feature", "properties": {"areaName": "powiat s\u0142awie\u0144ski", "include": true}, "geometry": {"type": "Polygon", "coordinates": [[[16.731649, 54.231885], [16.865104, 54.260992], [16.854396, 54.307548], [16.813977, 54.318509], [16.82159, 54.368254], [16.858522, 54.382577], [16.824407, 54.415739], [16.841121, 54.438426], [16.699736, 54.570034], [16.53375, 54.541759], [16.432815, 54.488018], [16.317962, 54.386591], [16.213858, 54.320922], [16.27992, 54.333956], [16.318947, 54.321028], [16.335694, 54.287066], [16.389497, 54.289598], [16.395126, 54.255928], [16.443899, 54.250036], [16.438318, 54.212512], [16.531065, 54.237368], [16.546636, 54.190897], [16.605541, 54.193031], [16.616532, 54.222948], [16.683574, 54.214418], [16.731649, 54.231885]]]}}, {"id": "248", "type": "Feature", "properties": {"areaName": "powiat s\u0142upski", "include": true}, "geometry": {"type": "Polygon", "coordinates": [[[16.793294, 54.084548], [16.972767, 54.15879], [16.970562, 54.186448], [17.029071, 54.20801], [17.014466, 54.264524], [17.043604, 54.309515], [17.150519, 54.282852], [17.239949, 54.314155], [17.342357, 54.279578], [17.361276, 54.24325], [17.425954, 54.269797], [17.437161, 54.321524], [17.485451, 54.410046], [17.514838, 54.426308], [17.600384, 54.442505], [17.619329, 54.468676], [17.555034, 54.480219], [17.550765, 54.50581], [17.601824, 54.534464], [17.546697, 54.552429], [17.607781, 54.614902], [17.602925, 54.645451], [17.524462, 54.66083], [17.526398, 54.704707], [17.416742, 54.712579], [17.516641, 54.747181], [17.491299, 54.759279], [17.35346, 54.749242], [17.25069, 54.731704], [17.050434, 54.669419], [16.959347, 54.615358], [16.90554, 54.59561], [16.768403, 54.569896], [16.699736, 54.570034], [16.841121, 54.438426], [16.824407, 54.415739], [16.858522, 54.382577], [16.82159, 54.368254], [16.813977, 54.318509], [16.854396, 54.307548], [16.865104, 54.260992], [16.731649, 54.231885], [16.731099, 54.178236], [16.776193, 54.150406], [16.793294, 54.084548]], [[16.951207, 54.459456], [17.006052, 54.495954], [17.081349, 54.486535], [17.104983, 54.454054], [17.026482, 54.446033], [16.951207, 54.459456]]]}}, {"id": "249", "type": "Feature", "properties": {"areaName": "powiat sok\u00f3lski", "include": true}, "geometry": {"type": "Polygon", "coordinates": [[[22.929799, 53.58488], [22.997161, 53.578119], [23.022512, 53.534398], [23.074118, 53.496448], [23.058225, 53.401892], [23.109291, 53.397636], [23.094271, 53.346085], [23.117768, 53.339224], [23.152677, 53.350002], [23.160205, 53.383169], [23.219822, 53.384746], [23.319094, 53.367004], [23.393496, 53.312012], [23.394435, 53.274605], [23.512563, 53.255882], [23.494033, 53.21508], [23.535786, 53.210319], [23.748445, 53.157], [23.837952, 53.149729], [23.909458, 53.167352], [23.863874, 53.195535], [23.855345, 53.231827], [23.81875, 53.244024], [23.70741, 53.436546], [23.626474, 53.596592], [23.588702, 53.695928], [23.532092, 53.710236], [23.49009, 53.697021], [23.428118, 53.700336], [23.339942, 53.721957], [23.317237, 53.710807], [23.217619, 53.7128], [23.074843, 53.664677], [23.053192, 53.63429], [22.929799, 53.58488]]]}}, {"id": "250", "type": "Feature", "properties": {"areaName": "powiat stalowowolski", "include": true}, "geometry": {"type": "Polygon", "coordinates": [[[21.843358, 50.739239], [21.880466, 50.702704], [21.857066, 50.650895], [21.937077, 50.578095], [21.990492, 50.568033], [21.961633, 50.502784], [21.884326, 50.488494], [21.882354, 50.47295], [21.85189, 50.462268], [21.880933, 50.391732], [21.919255, 50.414795], [21.98398, 50.36745], [22.018889, 50.379426], [22.086582, 50.453358], [22.064931, 50.512867], [22.10965, 50.54816], [22.202044, 50.539795], [22.249865, 50.574418], [22.246296, 50.624904], [22.22304, 50.660045], [22.141794, 50.66969], [22.200781, 50.752419], [22.152312, 50.771788], [22.162973, 50.797299], [22.051956, 50.820548], [21.995284, 50.783227], [21.949344, 50.771397], [21.896954, 50.779568], [21.864248, 50.802154], [21.843358, 50.739239]]]}}, {"id": "251", "type": "Feature", "properties": {"areaName": "powiat starachowicki", "include": true}, "geometry": {"type": "Polygon", "coordinates": [[[21.382459, 51.040468], [21.312977, 51.084315], [21.152742, 51.080272], [21.153969, 51.125478], [21.091225, 51.155092], [21.110616, 51.20076], [21.068381, 51.206937], [21.056655, 51.157126], [20.998536, 51.144492], [20.983667, 51.166488], [20.956402, 51.073592], [20.9168, 51.061529], [20.913206, 51.031814], [20.96033, 51.013061], [21.016097, 50.969186], [20.994408, 50.920428], [21.054726, 50.895859], [21.141901, 50.915843], [21.158238, 50.907906], [21.221283, 51.002138], [21.285402, 50.987603], [21.325464, 51.03609], [21.382459, 51.040468]]]}}, {"id": "252", "type": "Feature", "properties": {"areaName": "powiat stargardzki", "include": true}, "geometry": {"type": "Polygon", "coordinates": [[[15.584765, 53.343334], [15.603366, 53.429817], [15.699423, 53.474216], [15.704855, 53.497521], [15.628904, 53.481317], [15.589055, 53.504516], [15.515676, 53.470736], [15.479152, 53.474176], [15.394065, 53.548505], [15.325044, 53.514971], [15.236486, 53.531376], [15.15075, 53.468991], [15.120834, 53.480464], [15.069415, 53.459551], [14.961901, 53.458545], [14.91616, 53.443797], [14.77762, 53.425709], [14.777979, 53.402982], [14.7405, 53.37546], [14.800941, 53.325773], [14.875306, 53.301271], [14.861798, 53.246541], [15.041074, 53.260013], [15.071469, 53.217632], [15.049047, 53.19321], [15.212198, 53.137554], [15.198993, 53.084954], [15.205756, 53.081833], [15.267949, 53.094738], [15.323083, 53.130909], [15.318681, 53.208216], [15.254067, 53.218318], [15.282618, 53.252619], [15.415383, 53.246729], [15.457713, 53.233438], [15.474296, 53.31119], [15.52065, 53.332397], [15.584765, 53.343334]]]}}, {"id": "253", "type": "Feature", "properties": {"areaName": "powiat starogardzki", "include": true}, "geometry": {"type": "Polygon", "coordinates": [[[18.590875, 54.105847], [18.533664, 54.126747], [18.391245, 54.121187], [18.327088, 54.140934], [18.329047, 54.082384], [18.361205, 54.060437], [18.288588, 54.032247], [18.33602, 53.996578], [18.274827, 53.953674], [18.219365, 53.942021], [18.16265, 53.95974], [18.106378, 53.925514], [18.109946, 53.895056], [18.063505, 53.850275], [18.122617, 53.824015], [18.072036, 53.781075], [18.151807, 53.768261], [18.219034, 53.739837], [18.273875, 53.731785], [18.263762, 53.700983], [18.379726, 53.688523], [18.508107, 53.699906], [18.545936, 53.659694], [18.627092, 53.673861], [18.696552, 53.699953], [18.690775, 53.720792], [18.722902, 53.763539], [18.641274, 53.768966], [18.633948, 53.79984], [18.592063, 53.802516], [18.604928, 53.841862], [18.587491, 53.861937], [18.637098, 53.945823], [18.679861, 53.960048], [18.674022, 54.005794], [18.556261, 54.059255], [18.590875, 54.105847]]]}}, {"id": "254", "type": "Feature", "properties": {"areaName": "powiat staszowski", "include": true}, "geometry": {"type": "Polygon", "coordinates": [[[21.208831, 50.354896], [21.281052, 50.408382], [21.367135, 50.441012], [21.401304, 50.439229], [21.451489, 50.464496], [21.482111, 50.496434], [21.517815, 50.509282], [21.450166, 50.573308], [21.40333, 50.591119], [21.393107, 50.647353], [21.350161, 50.683504], [21.268773, 50.685255], [21.197679, 50.701916], [21.145761, 50.698777], [21.140773, 50.637785], [20.995949, 50.632947], [20.997179, 50.66881], [20.944528, 50.658345], [20.878114, 50.661477], [20.874064, 50.635699], [20.916265, 50.614161], [20.950629, 50.568404], [20.976028, 50.558366], [21.052898, 50.566335], [21.096649, 50.520037], [21.075934, 50.476538], [21.015468, 50.489423], [21.00586, 50.469052], [21.033265, 50.435257], [21.080896, 50.433294], [21.125515, 50.403178], [21.113042, 50.366065], [21.146535, 50.353804], [21.208831, 50.354896]]]}}, {"id": "255", "type": "Feature", "properties": {"areaName": "powiat \u015bwidnicki", "include": true}, "geometry": {"type": "Polygon", "coordinates": [[[16.272268, 50.854006], [16.3425, 50.838157], [16.350745, 50.79325], [16.392294, 50.76616], [16.455346, 50.750894], [16.488903, 50.714401], [16.558064, 50.743762], [16.547988, 50.777222], [16.593828, 50.798896], [16.578897, 50.817886], [16.670375, 50.826597], [16.69706, 50.843088], [16.674974, 50.851177], [16.690228, 50.939376], [16.581291, 50.917779], [16.566093, 50.951408], [16.602655, 51.001798], [16.510364, 50.992652], [16.429861, 51.013997], [16.389432, 51.009379], [16.337213, 51.029032], [16.269101, 51.012119], [16.217551, 51.018281], [16.200804, 50.976283], [16.169829, 50.945322], [16.203877, 50.885696], [16.239595, 50.886797], [16.272268, 50.854006]]]}}, {"id": "256", "type": "Feature", "properties": {"areaName": "powiat szczecinecki", "include": true}, "geometry": {"type": "Polygon", "coordinates": [[[16.982078, 53.904897], [16.955189, 53.906864], [16.862505, 53.950787], [16.87412, 53.97727], [16.825068, 54.004284], [16.792766, 53.985551], [16.718866, 53.953309], [16.72159, 53.889317], [16.593387, 53.903759], [16.558267, 53.894047], [16.478944, 53.909818], [16.440472, 53.904296], [16.366205, 53.916875], [16.325807, 53.876497], [16.26475, 53.870931], [16.255112, 53.843012], [16.200484, 53.82539], [16.268086, 53.723092], [16.233632, 53.693937], [16.30196, 53.630491], [16.303133, 53.591116], [16.359559, 53.554181], [16.417478, 53.550383], [16.457433, 53.508537], [16.454472, 53.488474], [16.490093, 53.470289], [16.648954, 53.485762], [16.718547, 53.54366], [16.758368, 53.624088], [16.840031, 53.629273], [16.892246, 53.655871], [16.857652, 53.747089], [16.930758, 53.777251], [16.91041, 53.819848], [16.873957, 53.831832], [16.872403, 53.868664], [16.976322, 53.879648], [16.982078, 53.904897]]]}}, {"id": "257", "type": "Feature", "properties": {"areaName": "powiat tatrza\u0144ski", "include": true}, "geometry": {"type": "Polygon", "coordinates": [[[19.795327, 49.347535], [19.792472, 49.267969], [19.763107, 49.207578], [19.869438, 49.195797], [19.919267, 49.235785], [20.008629, 49.22005], [20.069107, 49.180781], [20.102177, 49.225661], [20.102424, 49.253123], [20.145504, 49.317513], [20.190131, 49.337728], [20.172294, 49.367713], [20.112536, 49.398562], [20.098489, 49.419803], [20.044024, 49.405803], [19.899802, 49.339839], [19.843776, 49.354127], [19.795327, 49.347535]]]}}, {"id": "258", "type": "Feature", "properties": {"areaName": "powiat tomaszowski", "include": true}, "geometry": {"type": "Polygon", "coordinates": [[[23.14134, 50.366669], [23.17712, 50.391742], [23.253126, 50.364712], [23.317574, 50.392669], [23.370191, 50.399521], [23.378214, 50.368882], [23.436162, 50.345425], [23.412872, 50.307652], [23.519946, 50.295464], [23.508797, 50.261304], [23.547913, 50.251815], [23.581014, 50.265997], [23.638849, 50.320506], [23.686326, 50.331635], [23.703112, 50.375286], [23.803364, 50.404764], [23.974715, 50.412853], [23.900762, 50.481061], [23.961652, 50.533193], [23.970695, 50.567884], [23.919912, 50.577998], [23.849546, 50.575887], [23.753373, 50.598275], [23.691776, 50.689186], [23.622883, 50.684003], [23.596134, 50.678855], [23.598176, 50.613958], [23.557323, 50.600625], [23.431316, 50.591606], [23.396183, 50.608932], [23.31125, 50.61022], [23.297362, 50.559894], [23.31888, 50.503171], [23.260962, 50.479393], [23.215428, 50.505865], [23.179591, 50.496263], [23.094489, 50.456456], [23.048032, 50.421586], [23.14134, 50.366669]]]}}, {"id": "259", "type": "Feature", "properties": {"areaName": "powiat trzebnicki", "include": true}, "geometry": {"type": "Polygon", "coordinates": [[[16.828372, 51.572188], [16.764173, 51.485407], [16.792769, 51.461627], [16.797599, 51.38285], [16.775226, 51.362032], [16.808087, 51.334687], [16.800644, 51.258731], [16.881904, 51.230176], [16.90508, 51.209458], [17.000915, 51.197469], [17.065396, 51.164921], [17.100286, 51.175856], [17.072836, 51.232921], [17.09127, 51.248771], [17.157647, 51.23958], [17.181773, 51.275579], [17.242124, 51.266988], [17.26152, 51.354405], [17.287912, 51.34226], [17.340069, 51.372912], [17.262627, 51.39827], [17.232807, 51.392046], [17.112448, 51.448116], [17.09997, 51.495938], [17.056964, 51.530326], [17.002869, 51.530026], [16.990561, 51.549965], [16.928181, 51.55232], [16.887265, 51.581017], [16.828372, 51.572188]]]}}, {"id": "260", "type": "Feature", "properties": {"areaName": "powiat tucholski", "include": true}, "geometry": {"type": "Polygon", "coordinates": [[[18.263762, 53.700983], [18.273875, 53.731785], [18.219034, 53.739837], [18.151807, 53.768261], [18.072036, 53.781075], [18.046938, 53.736167], [17.991242, 53.724505], [17.947184, 53.747119], [17.900864, 53.747906], [17.898544, 53.710571], [17.851838, 53.688042], [17.766877, 53.689091], [17.711926, 53.636221], [17.730448, 53.592905], [17.656698, 53.571152], [17.63193, 53.55734], [17.649686, 53.515538], [17.719799, 53.505397], [17.728646, 53.434439], [17.769505, 53.433228], [17.845079, 53.41681], [17.889063, 53.435846], [17.932189, 53.430438], [17.964278, 53.391896], [18.034279, 53.393578], [18.060974, 53.419823], [18.076366, 53.467017], [18.114975, 53.465601], [18.112317, 53.504617], [18.217188, 53.549168], [18.171987, 53.584967], [18.171838, 53.627729], [18.224287, 53.667335], [18.207008, 53.698639], [18.263762, 53.700983]]]}}, {"id": "261", "type": "Feature", "properties": {"areaName": "powiat \u017curomi\u0144ski", "include": true}, "geometry": {"type": "Polygon", "coordinates": [[[19.991507, 52.828002], [20.085848, 52.83597], [20.126634, 52.826072], [20.147796, 52.886163], [20.093154, 52.893649], [20.032517, 52.929232], [20.043118, 53.033957], [20.085898, 53.051147], [20.117182, 53.09214], [20.135125, 53.142457], [20.104142, 53.168057], [19.978165, 53.143915], [19.907392, 53.177013], [19.913422, 53.211462], [19.825422, 53.173277], [19.841069, 53.140993], [19.761595, 53.151796], [19.646522, 53.112209], [19.645806, 53.054348], [19.683073, 53.021732], [19.684806, 52.963039], [19.769765, 52.959186], [19.817019, 52.920727], [19.863274, 52.904783], [19.932478, 52.90068], [19.96403, 52.882434], [19.959371, 52.830262], [19.991507, 52.828002]]]}}, {"id": "262", "type": "Feature", "properties": {"areaName": "Ruda \u015al\u0105ska", "include": true}, "geometry": {"type": "Polygon", "coordinates": [[[18.929831, 50.270881], [18.883475, 50.294938], [18.896031, 50.32493], [18.862385, 50.328097], [18.830972, 50.320182], [18.821799, 50.273926], [18.792342, 50.246775], [18.796864, 50.246265], [18.868796, 50.208422], [18.896944, 50.219388], [18.956164, 50.239097], [18.929831, 50.270881]]]}}, {"id": "263", "type": "Feature", "properties": {"areaName": "Siemianowice \u015al\u0105skie", "include": true}, "geometry": {"type": "Polygon", "coordinates": [[[19.001279, 50.296299], [19.061101, 50.295404], [19.04153, 50.348769], [18.985408, 50.335881], [19.001279, 50.296299]]]}}, {"id": "264", "type": "Feature", "properties": {"areaName": "Skierniewice", "include": true}, "geometry": {"type": "Polygon", "coordinates": [[[20.10504, 51.958369], [20.10522, 51.927137], [20.181472, 51.929519], [20.186347, 51.974906], [20.15022, 51.987642], [20.10504, 51.958369]]]}}, {"id": "265", "type": "Feature", "properties": {"areaName": "Sopot", "include": true}, "geometry": {"type": "Polygon", "coordinates": [[[18.507545, 54.422752], [18.591514, 54.430281], [18.562142, 54.463917], [18.519945, 54.457862], [18.507545, 54.422752]]]}}, {"id": "266", "type": "Feature", "properties": {"areaName": "\u015awi\u0119toch\u0142owice", "include": true}, "geometry": {"type": "Polygon", "coordinates": [[[18.92697, 50.318085], [18.896031, 50.32493], [18.883475, 50.294938], [18.929831, 50.270881], [18.92697, 50.318085]]]}}, {"id": "267", "type": "Feature", "properties": {"areaName": "\u015awinouj\u015bcie", "include": true}, "geometry": {"type": "Polygon", "coordinates": [[[14.391761, 53.915924], [14.33855, 53.911262], [14.226682, 53.928986], [14.20764, 53.915872], [14.212308, 53.867983], [14.27373, 53.82614], [14.340903, 53.808505], [14.346773, 53.834415], [14.416773, 53.846165], [14.41965, 53.866144], [14.391761, 53.915924]]]}}, {"id": "268", "type": "Feature", "properties": {"areaName": "Tarnobrzeg", "include": true}, "geometry": {"type": "Polygon", "coordinates": [[[21.601197, 50.519697], [21.664823, 50.536634], [21.711875, 50.534046], [21.796275, 50.614656], [21.779165, 50.645006], [21.747352, 50.654836], [21.669452, 50.605046], [21.64974, 50.5646], [21.601197, 50.519697]]]}}, {"id": "269", "type": "Feature", "properties": {"areaName": "powiat tarnog\u00f3rski", "include": true}, "geometry": {"type": "Polygon", "coordinates": [[[18.601727, 50.604453], [18.607473, 50.550011], [18.635456, 50.5488], [18.65262, 50.498918], [18.623133, 50.488303], [18.613971, 50.437533], [18.655967, 50.407787], [18.658108, 50.373916], [18.651051, 50.357227], [18.731859, 50.331546], [18.746797, 50.367274], [18.800244, 50.373925], [18.834186, 50.412465], [18.89073, 50.399606], [18.914495, 50.372156], [18.928945, 50.421007], [18.970808, 50.413249], [19.023813, 50.448896], [19.089757, 50.457096], [19.134466, 50.504349], [19.133614, 50.522545], [19.079062, 50.50791], [19.019996, 50.528654], [19.029937, 50.561658], [18.906173, 50.576568], [18.846477, 50.617061], [18.815773, 50.587739], [18.871075, 50.56777], [18.841235, 50.547703], [18.747098, 50.595323], [18.707693, 50.587669], [18.601727, 50.604453]]]}}, {"id": "270", "type": "Feature", "properties": {"areaName": "Toru\u0144", "include": true}, "geometry": {"type": "Polygon", "coordinates": [[[18.460666, 53.015513], [18.562797, 53.002322], [18.608187, 52.974196], [18.731334, 53.018643], [18.731365, 53.044328], [18.65162, 53.065898], [18.54439, 53.05974], [18.460666, 53.015513]]]}}, {"id": "271", "type": "Feature", "properties": {"areaName": "Wa\u0142brzych", "include": true}, "geometry": {"type": "Polygon", "coordinates": [[[16.350745, 50.79325], [16.3425, 50.838157], [16.272268, 50.854006], [16.246929, 50.823482], [16.227179, 50.760956], [16.263597, 50.717955], [16.303972, 50.723358], [16.346026, 50.766572], [16.350745, 50.79325]]]}}, {"id": "272", "type": "Feature", "properties": {"areaName": "powiat wodzis\u0142awski", "include": true}, "geometry": {"type": "Polygon", "coordinates": [[[18.442328, 50.086407], [18.37882, 50.075176], [18.349083, 50.057589], [18.244241, 50.042582], [18.332958, 49.949387], [18.462899, 49.922475], [18.534396, 49.899602], [18.539584, 49.925745], [18.589974, 49.998857], [18.523202, 50.038157], [18.479396, 50.05262], [18.442328, 50.086407]]]}}, {"id": "273", "type": "Feature", "properties": {"areaName": "Zabrze", "include": true}, "geometry": {"type": "Polygon", "coordinates": [[[18.792342, 50.246775], [18.821799, 50.273926], [18.830972, 50.320182], [18.862385, 50.328097], [18.800244, 50.373925], [18.746797, 50.367274], [18.731859, 50.331546], [18.735831, 50.270833], [18.792342, 50.246775]]]}}, {"id": "274", "type": "Feature", "properties": {"areaName": "Zamo\u015b\u0107", "include": true}, "geometry": {"type": "Polygon", "coordinates": [[[23.190238, 50.727531], [23.220546, 50.702694], [23.277182, 50.69518], [23.306483, 50.744512], [23.271477, 50.748494], [23.190238, 50.727531]]]}}, {"id": "275", "type": "Feature", "properties": {"areaName": "\u017bory", "include": true}, "geometry": {"type": "Polygon", "coordinates": [[[18.609914, 50.041264], [18.610987, 50.018367], [18.679679, 50.00477], [18.739147, 49.999512], [18.753563, 50.05439], [18.726134, 50.065767], [18.65677, 50.081256], [18.64683, 50.051668], [18.609914, 50.041264]]]}}, {"id": "276", "type": "Feature", "properties": {"areaName": "powiat \u017cyrardowski", "include": true}, "geometry": {"type": "Polygon", "coordinates": [[[20.605395, 51.849636], [20.64332, 51.85136], [20.657866, 51.925466], [20.61121, 51.96473], [20.62022, 52.05002], [20.521849, 52.051009], [20.49434, 52.03243], [20.444237, 52.084009], [20.454428, 52.098255], [20.411022, 52.140262], [20.347639, 52.131351], [20.268393, 52.146049], [20.252011, 52.117418], [20.269948, 52.07713], [20.205966, 52.027974], [20.271747, 51.971169], [20.240744, 51.950999], [20.353815, 51.919664], [20.439746, 51.94349], [20.475485, 51.930998], [20.518797, 51.892245], [20.605395, 51.849636]]]}}, {"id": "277", "type": "Feature", "properties": {"areaName": "powiat kluczborski", "include": true}, "geometry": {"type": "Polygon", "coordinates": [[[18.314931, 51.133969], [18.259563, 51.157705], [18.187362, 51.157223], [18.163694, 51.172515], [18.039352, 51.131033], [17.939374, 51.108907], [17.953412, 51.057166], [17.924099, 51.012479], [17.937638, 50.980698], [17.988874, 50.984942], [18.011681, 50.963606], [18.059501, 50.940612], [18.105749, 50.893963], [18.094129, 50.827019], [18.188814, 50.836465], [18.230106, 50.796733], [18.265576, 50.814787], [18.324223, 50.804556], [18.344118, 50.926925], [18.381445, 50.947733], [18.351451, 51.004593], [18.307351, 51.041056], [18.345005, 51.058085], [18.348175, 51.093592], [18.314639, 51.098578], [18.314931, 51.133969]]]}}, {"id": "278", "type": "Feature", "properties": {"areaName": "powiat kolbuszowski", "include": true}, "geometry": {"type": "Polygon", "coordinates": [[[21.80337, 50.151435], [21.859375, 50.150984], [21.864757, 50.177402], [21.934651, 50.20096], [21.920077, 50.235712], [21.975879, 50.248388], [22.000906, 50.232327], [22.092063, 50.267447], [22.085978, 50.307613], [22.005565, 50.30891], [21.98398, 50.36745], [21.919255, 50.414795], [21.880933, 50.391732], [21.85189, 50.462268], [21.882354, 50.47295], [21.77645, 50.449239], [21.797261, 50.405976], [21.759134, 50.38781], [21.67066, 50.436965], [21.636794, 50.389958], [21.598496, 50.386924], [21.640628, 50.34466], [21.566862, 50.332366], [21.573982, 50.296124], [21.531334, 50.285428], [21.610358, 50.249638], [21.602743, 50.209088], [21.71598, 50.167344], [21.796297, 50.169329], [21.80337, 50.151435]]]}}, {"id": "279", "type": "Feature", "properties": {"areaName": "powiat kolne\u0144ski", "include": true}, "geometry": {"type": "Polygon", "coordinates": [[[21.612953, 53.480834], [21.607334, 53.435716], [21.62431, 53.409776], [21.683962, 53.368134], [21.654239, 53.3495], [21.735427, 53.312728], [21.804177, 53.33519], [21.876818, 53.318943], [21.883808, 53.291112], [21.987017, 53.239273], [22.021576, 53.272958], [22.115249, 53.263601], [22.133154, 53.296965], [22.203883, 53.286575], [22.24492, 53.3069], [22.235955, 53.369149], [22.266947, 53.391762], [22.23991, 53.425736], [22.279352, 53.437848], [22.230944, 53.440784], [22.260431, 53.497024], [22.135728, 53.54454], [22.05049, 53.52512], [21.989932, 53.522107], [21.901983, 53.493162], [21.858455, 53.458916], [21.79061, 53.479269], [21.686735, 53.492757], [21.612953, 53.480834]]]}}, {"id": "280", "type": "Feature", "properties": {"areaName": "powiat makowski", "include": true}, "geometry": {"type": "Polygon", "coordinates": [[[20.940655, 52.809906], [21.008809, 52.770227], [21.131389, 52.803773], [21.182649, 52.784999], [21.187916, 52.758642], [21.320153, 52.778108], [21.330837, 52.790581], [21.438506, 52.773278], [21.479266, 52.801422], [21.437397, 52.847076], [21.42734, 52.878883], [21.464892, 52.919227], [21.497275, 52.984657], [21.337939, 53.039455], [21.2981, 53.079724], [21.181683, 53.114563], [21.134436, 53.125595], [21.085956, 53.107747], [21.082382, 53.082481], [21.010846, 53.054022], [21.001892, 52.993682], [21.038512, 52.945358], [20.972612, 52.941251], [21.005428, 52.90554], [20.976654, 52.881777], [20.861727, 52.869924], [20.880672, 52.843079], [20.940655, 52.809906]]]}}, {"id": "281", "type": "Feature", "properties": {"areaName": "powiat g\u00f3rowski", "include": true}, "geometry": {"type": "Polygon", "coordinates": [[[16.682433, 51.704876], [16.542818, 51.780937], [16.416191, 51.784865], [16.383261, 51.77044], [16.346912, 51.708882], [16.276421, 51.688322], [16.270096, 51.663544], [16.30851, 51.657124], [16.355435, 51.609153], [16.463279, 51.559532], [16.467269, 51.501517], [16.541198, 51.511233], [16.585996, 51.502518], [16.650483, 51.514862], [16.764173, 51.485407], [16.828372, 51.572188], [16.766065, 51.627725], [16.783478, 51.640987], [16.643248, 51.660723], [16.642016, 51.683465], [16.682433, 51.704876]]]}}, {"id": "282", "type": "Feature", "properties": {"areaName": "powiat grajewski", "include": true}, "geometry": {"type": "Polygon", "coordinates": [[[22.305639, 53.62676], [22.194327, 53.566226], [22.135728, 53.54454], [22.260431, 53.497024], [22.230944, 53.440784], [22.279352, 53.437848], [22.296445, 53.400826], [22.405554, 53.351427], [22.497577, 53.348591], [22.543726, 53.404355], [22.551452, 53.43949], [22.612038, 53.465093], [22.634616, 53.529431], [22.698766, 53.568495], [22.670759, 53.60127], [22.752924, 53.633347], [22.776604, 53.667287], [22.844177, 53.686597], [22.786759, 53.681022], [22.727188, 53.695483], [22.744206, 53.729452], [22.696802, 53.761589], [22.514088, 53.699122], [22.423042, 53.681536], [22.305639, 53.62676]]]}}, {"id": "283", "type": "Feature", "properties": {"areaName": "powiat jasielski", "include": true}, "geometry": {"type": "Polygon", "coordinates": [[[21.297149, 49.842864], [21.280398, 49.80578], [21.241772, 49.776104], [21.257819, 49.752131], [21.31254, 49.747769], [21.348678, 49.692674], [21.341722, 49.659324], [21.362798, 49.634142], [21.326817, 49.59219], [21.380288, 49.569763], [21.390718, 49.489008], [21.411372, 49.46781], [21.398662, 49.433842], [21.434083, 49.412284], [21.580334, 49.435343], [21.569571, 49.456548], [21.61417, 49.497065], [21.593329, 49.545057], [21.612538, 49.592224], [21.59014, 49.629406], [21.5786, 49.688942], [21.622784, 49.709687], [21.603708, 49.74585], [21.63417, 49.773892], [21.618142, 49.797944], [21.56053, 49.785736], [21.552488, 49.827771], [21.477461, 49.840503], [21.40703, 49.828578], [21.376706, 49.867875], [21.34718, 49.837819], [21.297149, 49.842864]]]}}, {"id": "284", "type": "Feature", "properties": {"areaName": "powiat lubartowski", "include": true}, "geometry": {"type": "Polygon", "coordinates": [[[22.98122, 51.423864], [22.972976, 51.469686], [23.018535, 51.50074], [22.878849, 51.561795], [22.842247, 51.516968], [22.785296, 51.520758], [22.785072, 51.560733], [22.677176, 51.593292], [22.610325, 51.621884], [22.565007, 51.660402], [22.511698, 51.669778], [22.483448, 51.694495], [22.398405, 51.713812], [22.367635, 51.657687], [22.315918, 51.670196], [22.289116, 51.637556], [22.193303, 51.659696], [22.212114, 51.604269], [22.187784, 51.584377], [22.249293, 51.550726], [22.255782, 51.509677], [22.191265, 51.497789], [22.210038, 51.458219], [22.3013, 51.428355], [22.365466, 51.425943], [22.424607, 51.390625], [22.485955, 51.405406], [22.51179, 51.375718], [22.565984, 51.391502], [22.668898, 51.364493], [22.779942, 51.40181], [22.847698, 51.381699], [22.98122, 51.423864]]]}}, {"id": "285", "type": "Feature", "properties": {"areaName": "powiat \u0142ukowski", "include": true}, "geometry": {"type": "Polygon", "coordinates": [[[21.889174, 51.973183], [21.866354, 51.943447], [21.91289, 51.886538], [21.845324, 51.841243], [21.942202, 51.825965], [21.956384, 51.793874], [22.064382, 51.780158], [22.062878, 51.728938], [22.135432, 51.708892], [22.193303, 51.659696], [22.289116, 51.637556], [22.315918, 51.670196], [22.367635, 51.657687], [22.398405, 51.713812], [22.436707, 51.746205], [22.396128, 51.800942], [22.352565, 51.813358], [22.38652, 51.866288], [22.455508, 51.842412], [22.561144, 51.890145], [22.575991, 51.96786], [22.633587, 51.969304], [22.622901, 52.018745], [22.608282, 52.036956], [22.483291, 52.067227], [22.455995, 52.029618], [22.380415, 52.016599], [22.344351, 51.996004], [22.285617, 52.019258], [22.25364, 52.004507], [22.151913, 52.028354], [22.138612, 52.006808], [22.076311, 52.005969], [22.051154, 52.020543], [21.889174, 51.973183]]]}}, {"id": "286", "type": "Feature", "properties": {"areaName": "powiat malborski", "include": true}, "geometry": {"type": "Polygon", "coordinates": [[[19.268261, 54.024124], [19.255355, 54.085736], [19.21733, 54.116318], [19.21097, 54.145121], [19.068316, 54.144558], [19.048066, 54.171813], [19.001545, 54.183051], [18.882545, 54.155368], [18.8366, 54.155437], [18.828158, 54.141551], [18.805945, 54.093465], [18.837443, 53.994581], [18.861496, 53.94681], [18.928718, 53.968037], [18.982182, 54.000887], [19.029206, 53.988579], [19.126073, 54.023754], [19.213749, 54.010128], [19.268261, 54.024124]]]}}, {"id": "287", "type": "Feature", "properties": {"areaName": "powiat miechowski", "include": true}, "geometry": {"type": "Polygon", "coordinates": [[[19.949966, 50.504783], [19.90056, 50.473525], [19.899781, 50.453399], [19.844538, 50.434196], [19.854437, 50.367676], [19.825327, 50.327464], [19.920941, 50.298536], [19.901435, 50.276065], [19.995798, 50.282718], [20.094976, 50.30833], [20.176865, 50.290149], [20.271649, 50.309466], [20.292623, 50.322199], [20.305328, 50.335886], [20.330486, 50.352703], [20.320902, 50.384458], [20.260608, 50.441431], [20.272869, 50.469946], [20.205359, 50.4957], [20.105602, 50.485962], [19.987514, 50.519771], [19.949966, 50.504783]]]}}, {"id": "288", "type": "Feature", "properties": {"areaName": "powiat miko\u0142owski", "include": true}, "geometry": {"type": "Polygon", "coordinates": [[[18.726134, 50.065767], [18.753563, 50.05439], [18.847759, 50.07038], [18.874402, 50.100146], [18.933076, 50.081914], [18.953998, 50.111527], [18.925316, 50.132277], [18.93415, 50.158627], [18.935332, 50.194823], [18.896944, 50.219388], [18.868796, 50.208422], [18.796864, 50.246265], [18.775629, 50.193428], [18.719743, 50.200116], [18.739902, 50.111161], [18.726134, 50.065767]]]}}, {"id": "289", "type": "Feature", "properties": {"areaName": "powiat nowos\u0105decki", "include": true}, "geometry": {"type": "Polygon", "coordinates": [[[20.585079, 49.761873], [20.565953, 49.73587], [20.579584, 49.67551], [20.554728, 49.658503], [20.545732, 49.58946], [20.505358, 49.577749], [20.42967, 49.61028], [20.376056, 49.621237], [20.365209, 49.580787], [20.385639, 49.561114], [20.362018, 49.53415], [20.444722, 49.513488], [20.475004, 49.466166], [20.535867, 49.473017], [20.607013, 49.448367], [20.614934, 49.417845], [20.646302, 49.400679], [20.69269, 49.419967], [20.741794, 49.415768], [20.749139, 49.388883], [20.809626, 49.358992], [20.865549, 49.347484], [20.937416, 49.298263], [21.042548, 49.364881], [21.104105, 49.376401], [21.054712, 49.421228], [21.020173, 49.459956], [21.042246, 49.481516], [20.998717, 49.531452], [21.023622, 49.568702], [20.999563, 49.596828], [21.047142, 49.619872], [21.058427, 49.643655], [21.004223, 49.676463], [20.907752, 49.683564], [20.88244, 49.731779], [20.845349, 49.763932], [20.71317, 49.806555], [20.629637, 49.796342], [20.585079, 49.761873]], [[20.648406, 49.581586], [20.679583, 49.611713], [20.678578, 49.65817], [20.745515, 49.635988], [20.751671, 49.578911], [20.718168, 49.554944], [20.648406, 49.581586]]]}}, {"id": "290", "type": "Feature", "properties": {"areaName": "powiat nowosolski", "include": true}, "geometry": {"type": "Polygon", "coordinates": [[[15.968105, 51.787907], [15.883886, 51.798945], [15.896501, 51.852453], [15.991756, 51.903626], [15.945098, 51.937429], [15.996782, 51.947153], [16.010617, 51.981422], [15.969188, 52.002615], [15.96599, 52.026736], [15.909606, 52.025372], [15.933639, 51.979997], [15.862063, 51.940042], [15.853173, 51.918642], [15.787904, 51.885807], [15.638101, 51.905066], [15.652428, 51.875352], [15.529155, 51.823352], [15.46595, 51.82741], [15.442266, 51.781657], [15.49433, 51.750314], [15.525959, 51.683272], [15.578906, 51.694255], [15.600142, 51.670066], [15.660165, 51.669881], [15.728961, 51.644994], [15.834259, 51.672189], [15.869526, 51.719662], [15.976578, 51.748119], [15.968105, 51.787907]]]}}, {"id": "291", "type": "Feature", "properties": {"areaName": "powiat p\u0142o\u0144ski", "include": true}, "geometry": {"type": "Polygon", "coordinates": [[[19.964, 52.780749], [20.052578, 52.757977], [20.060984, 52.715343], [20.088482, 52.676588], [20.161916, 52.672084], [20.154622, 52.593511], [20.225917, 52.51341], [20.246766, 52.469353], [20.229882, 52.432402], [20.251023, 52.388088], [20.404814, 52.384342], [20.497473, 52.421906], [20.501068, 52.446977], [20.573424, 52.464055], [20.590149, 52.514369], [20.620142, 52.529904], [20.60627, 52.565841], [20.655826, 52.59539], [20.70127, 52.59], [20.714839, 52.617286], [20.696032, 52.676293], [20.728256, 52.704504], [20.69402, 52.717374], [20.582963, 52.733081], [20.569444, 52.713712], [20.507848, 52.706764], [20.466053, 52.732371], [20.402127, 52.730184], [20.295184, 52.78532], [20.264013, 52.777284], [20.21594, 52.796792], [20.214722, 52.823563], [20.264331, 52.847507], [20.249304, 52.86998], [20.170294, 52.896482], [20.147796, 52.886163], [20.126634, 52.826072], [20.085848, 52.83597], [19.991507, 52.828002], [19.964, 52.780749]]]}}, {"id": "292", "type": "Feature", "properties": {"areaName": "powiat sochaczewski", "include": true}, "geometry": {"type": "Polygon", "coordinates": [[[19.98276, 52.337573], [19.936093, 52.299733], [19.965089, 52.268272], [20.042099, 52.257686], [20.080494, 52.233039], [20.062074, 52.188123], [20.11562, 52.143837], [20.160463, 52.151245], [20.202368, 52.114725], [20.252011, 52.117418], [20.268393, 52.146049], [20.347639, 52.131351], [20.411022, 52.140262], [20.408138, 52.189009], [20.484957, 52.183811], [20.489687, 52.23815], [20.397168, 52.245814], [20.345108, 52.23787], [20.348302, 52.294458], [20.421482, 52.331084], [20.404814, 52.384342], [20.251023, 52.388088], [20.159716, 52.379928], [20.032358, 52.379956], [19.98276, 52.337573]]]}}, {"id": "293", "type": "Feature", "properties": {"areaName": "powiat \u015bredzki", "include": true}, "geometry": {"type": "Polygon", "coordinates": [[[17.514385, 52.124137], [17.466509, 52.112037], [17.431594, 52.16181], [17.43055, 52.194499], [17.473157, 52.209981], [17.453246, 52.247627], [17.407135, 52.285141], [17.402501, 52.33938], [17.368657, 52.345318], [17.24058, 52.3119], [17.182982, 52.257107], [17.176945, 52.228076], [17.127738, 52.187899], [17.098382, 52.18384], [17.095405, 52.159305], [17.143036, 52.133029], [17.13815, 52.100098], [17.244007, 52.108395], [17.276686, 52.068881], [17.273303, 52.036814], [17.326337, 52.010471], [17.407289, 52.013392], [17.492136, 52.050454], [17.514385, 52.124137]]]}}, {"id": "294", "type": "Feature", "properties": {"areaName": "powiat strzeli\u0144ski", "include": true}, "geometry": {"type": "Polygon", "coordinates": [[[17.232166, 50.614474], [17.239575, 50.671651], [17.259077, 50.690468], [17.25622, 50.774594], [17.318344, 50.821146], [17.285104, 50.822909], [17.243674, 50.859788], [17.111669, 50.859728], [17.069238, 50.903085], [17.017337, 50.917111], [16.958518, 50.904317], [16.913856, 50.825711], [16.888413, 50.812214], [16.881774, 50.709091], [16.957955, 50.693263], [17.064792, 50.693649], [17.12255, 50.663136], [17.164896, 50.613463], [17.232166, 50.614474]]]}}, {"id": "295", "type": "Feature", "properties": {"areaName": "powiat wadowicki", "include": true}, "geometry": {"type": "Polygon", "coordinates": [[[19.510544, 50.025599], [19.482676, 50.019581], [19.462182, 49.938313], [19.380154, 49.958234], [19.298352, 49.893809], [19.29, 49.850553], [19.28657, 49.816413], [19.316784, 49.777887], [19.414952, 49.775265], [19.460951, 49.798646], [19.508903, 49.786982], [19.539335, 49.801779], [19.606033, 49.792719], [19.644137, 49.807753], [19.725854, 49.807389], [19.757661, 49.830104], [19.776879, 49.867104], [19.810343, 49.885192], [19.771038, 49.893898], [19.656746, 49.973594], [19.579281, 49.989351], [19.560339, 50.012056], [19.510544, 50.025599]]]}}, {"id": "296", "type": "Feature", "properties": {"areaName": "powiat w\u0142oc\u0142awski", "include": true}, "geometry": {"type": "MultiPolygon", "coordinates": [[[[18.98249, 52.735972], [18.938538, 52.7826], [18.835753, 52.768678], [18.860896, 52.703952], [18.856878, 52.670035], [18.828557, 52.648386], [18.807815, 52.621059], [18.751554, 52.595519], [18.73203, 52.561313], [18.758314, 52.541878], [18.726895, 52.450764], [18.684821, 52.428048], [18.754565, 52.361313], [18.835591, 52.343127], [18.910237, 52.378315], [18.969335, 52.377838], [19.04712, 52.332804], [19.209169, 52.353448], [19.289189, 52.392712], [19.296324, 52.424261], [19.338888, 52.479786], [19.395674, 52.512855], [19.351452, 52.534978], [19.426104, 52.611446], [19.367898, 52.628334], [19.247807, 52.639295], [19.17629, 52.655926], [19.149647, 52.626464], [19.106159, 52.612946], [19.029623, 52.626578], [19.017536, 52.675892], [18.939434, 52.696635], [18.98249, 52.735972]]], [[[19.182608, 52.661324], [19.167439, 52.709644], [19.139833, 52.740661], [19.055674, 52.735847], [19.00091, 52.714149], [19.109108, 52.668937], [19.182608, 52.661324]]]]}}, {"id": "297", "type": "Feature", "properties": {"areaName": "powiat bielski", "include": true}, "geometry": {"type": "Polygon", "coordinates": [[[18.954594, 49.744151], [18.976639, 49.789446], [18.973306, 49.840485], [19.017853, 49.870232], [19.107269, 49.875942], [19.119069, 49.828838], [19.100525, 49.784778], [19.061481, 49.762866], [19.003507, 49.761018], [18.986386, 49.736683], [18.993874, 49.710425], [18.954534, 49.678913], [19.001481, 49.656646], [19.059312, 49.705715], [19.11745, 49.70712], [19.140699, 49.810269], [19.186045, 49.82863], [19.220101, 49.788843], [19.316784, 49.777887], [19.28657, 49.816413], [19.29, 49.850553], [19.206201, 49.871614], [19.161654, 49.93951], [19.09321, 49.956659], [19.028078, 49.951312], [18.951304, 49.918909], [18.890565, 49.911949], [18.881717, 49.887322], [18.840256, 49.877253], [18.832972, 49.834698], [18.85714, 49.792423], [18.954594, 49.744151]]]}}, {"id": "298", "type": "Feature", "properties": {"areaName": "powiat s\u0142ubicki", "include": true}, "geometry": {"type": "Polygon", "coordinates": [[[14.636999, 52.575327], [14.603838, 52.531031], [14.633926, 52.491484], [14.578825, 52.441569], [14.543961, 52.425505], [14.574498, 52.29522], [14.59868, 52.272326], [14.689475, 52.256758], [14.71555, 52.236128], [14.688279, 52.197932], [14.701957, 52.163091], [14.681812, 52.11564], [14.755132, 52.070331], [14.812441, 52.109391], [14.810866, 52.138043], [14.87966, 52.155085], [14.91322, 52.210029], [14.877455, 52.280818], [14.875258, 52.362306], [14.946412, 52.409586], [15.026783, 52.391438], [15.033463, 52.454374], [14.997235, 52.456655], [14.994208, 52.519794], [14.929, 52.529906], [14.823704, 52.507172], [14.780463, 52.548092], [14.714448, 52.545944], [14.647312, 52.572152], [14.636999, 52.575327]]]}}, {"id": "299", "type": "Feature", "properties": {"areaName": "powiat s\u0142upecki", "include": true}, "geometry": {"type": "Polygon", "coordinates": [[[17.934634, 52.090853], [18.028709, 52.115727], [18.005441, 52.141995], [18.03158, 52.181675], [18.016055, 52.228006], [18.040217, 52.2727], [18.052154, 52.331272], [18.089769, 52.383539], [18.072734, 52.41948], [18.026114, 52.450195], [18.132908, 52.505846], [18.090249, 52.520517], [18.095397, 52.553121], [17.987164, 52.553326], [17.910091, 52.516069], [17.922459, 52.471043], [17.908931, 52.444529], [17.863619, 52.427324], [17.841934, 52.382812], [17.778022, 52.372114], [17.700632, 52.375518], [17.696713, 52.348382], [17.743328, 52.314478], [17.70383, 52.276625], [17.765786, 52.257961], [17.770832, 52.197052], [17.832128, 52.192098], [17.823007, 52.164554], [17.779427, 52.142458], [17.7709, 52.109173], [17.823542, 52.088116], [17.852659, 52.073383], [17.934634, 52.090853]]]}}, {"id": "300", "type": "Feature", "properties": {"areaName": "powiat z\u0142otoryjski", "include": true}, "geometry": {"type": "Polygon", "coordinates": [[[15.737747, 51.011436], [15.822277, 50.980896], [15.835638, 50.937761], [15.897657, 50.941512], [15.932882, 50.923588], [15.976003, 50.948321], [16.001415, 50.990879], [15.942622, 51.035123], [15.93295, 51.061234], [16.014363, 51.082355], [16.047346, 51.115281], [16.024678, 51.148152], [16.061966, 51.195091], [16.038166, 51.22721], [15.952735, 51.204832], [15.904738, 51.246178], [15.808213, 51.262257], [15.753016, 51.218559], [15.757383, 51.19018], [15.697784, 51.159265], [15.727231, 51.13962], [15.719926, 51.106946], [15.766406, 51.039037], [15.737747, 51.011436]]]}}, {"id": "301", "type": "Feature", "properties": {"areaName": "powiat turecki", "include": true}, "geometry": {"type": "Polygon", "coordinates": [[[18.464782, 52.17082], [18.377021, 52.138426], [18.227845, 52.096327], [18.228503, 52.03898], [18.251207, 52.00763], [18.296869, 51.981293], [18.351951, 51.907094], [18.412991, 51.889583], [18.471965, 51.851006], [18.594795, 51.848158], [18.684167, 51.820795], [18.696819, 51.865638], [18.767792, 51.927854], [18.742533, 51.9371], [18.718243, 52.065705], [18.692975, 52.088321], [18.686158, 52.128292], [18.630974, 52.120811], [18.526684, 52.136565], [18.464782, 52.17082]]]}}, {"id": "302", "type": "Feature", "properties": {"areaName": "powiat w\u0105brzeski", "include": true}, "geometry": {"type": "Polygon", "coordinates": [[[18.724247, 53.364828], [18.694741, 53.34357], [18.738021, 53.319271], [18.7249, 53.262953], [18.803537, 53.219775], [18.761789, 53.201074], [18.811092, 53.183795], [18.963479, 53.186372], [19.01524, 53.172746], [19.08622, 53.184828], [19.14213, 53.227479], [19.122393, 53.339449], [19.083966, 53.357525], [19.106866, 53.380642], [19.076758, 53.392698], [19.03742, 53.353189], [18.876554, 53.338957], [18.823767, 53.381942], [18.724247, 53.364828]]]}}, {"id": "303", "type": "Feature", "properties": {"areaName": "powiat pu\u0142awski", "include": true}, "geometry": {"type": "Polygon", "coordinates": [[[21.78758, 51.420133], [21.815979, 51.371587], [21.847951, 51.365036], [21.823018, 51.280675], [21.860111, 51.274702], [21.890577, 51.30873], [21.925055, 51.277754], [21.979941, 51.300822], [22.063375, 51.293822], [22.167766, 51.256579], [22.243628, 51.262303], [22.276924, 51.292063], [22.289267, 51.346531], [22.265776, 51.366442], [22.3013, 51.428355], [22.210038, 51.458219], [22.191265, 51.497789], [22.255782, 51.509677], [22.249293, 51.550726], [22.187784, 51.584377], [22.159799, 51.573996], [21.999875, 51.573192], [21.945412, 51.539911], [21.889513, 51.53596], [21.833096, 51.548364], [21.84729, 51.492107], [21.873987, 51.471608], [21.841037, 51.421412], [21.78758, 51.420133]]]}}, {"id": "304", "type": "Feature", "properties": {"areaName": "powiat grodziski", "include": true}, "geometry": {"type": "Polygon", "coordinates": [[[20.484957, 52.183811], [20.408138, 52.189009], [20.411022, 52.140262], [20.454428, 52.098255], [20.444237, 52.084009], [20.49434, 52.03243], [20.521849, 52.051009], [20.62022, 52.05002], [20.61121, 51.96473], [20.657866, 51.925466], [20.686031, 51.954832], [20.697664, 51.981447], [20.772444, 52.000627], [20.724158, 52.04814], [20.733411, 52.084889], [20.678462, 52.128807], [20.67, 52.15892], [20.630799, 52.165159], [20.544958, 52.165063], [20.484957, 52.183811]]]}}, {"id": "305", "type": "Feature", "properties": {"areaName": "Kielce", "include": true}, "geometry": {"type": "Polygon", "coordinates": [[[20.510523, 50.856591], [20.55385, 50.812441], [20.645325, 50.807282], [20.672898, 50.844132], [20.660065, 50.903378], [20.602882, 50.912218], [20.549885, 50.90239], [20.510523, 50.856591]]]}}, {"id": "306", "type": "Feature", "properties": {"areaName": "powiat dzier\u017coniowski", "include": true}, "geometry": {"type": "Polygon", "coordinates": [[[16.583137, 50.628261], [16.614903, 50.624973], [16.724071, 50.667185], [16.80569, 50.660171], [16.867577, 50.677248], [16.881774, 50.709091], [16.888413, 50.812214], [16.87633, 50.832244], [16.804686, 50.832555], [16.775058, 50.844568], [16.69706, 50.843088], [16.670375, 50.826597], [16.578897, 50.817886], [16.593828, 50.798896], [16.547988, 50.777222], [16.558064, 50.743762], [16.488903, 50.714401], [16.479655, 50.681068], [16.583137, 50.628261]]]}}, {"id": "307", "type": "Feature", "properties": {"areaName": "powiat sul\u0119ci\u0144ski", "include": true}, "geometry": {"type": "Polygon", "coordinates": [[[15.435799, 52.375648], [15.416078, 52.409799], [15.348895, 52.417822], [15.321868, 52.455113], [15.280297, 52.478478], [15.276463, 52.540951], [15.310215, 52.54389], [15.30598, 52.590065], [15.209567, 52.584392], [15.195338, 52.635455], [15.13767, 52.643996], [15.080095, 52.617288], [15.031922, 52.643305], [14.935341, 52.619693], [14.84951, 52.621984], [14.647312, 52.572152], [14.714448, 52.545944], [14.780463, 52.548092], [14.823704, 52.507172], [14.929, 52.529906], [14.994208, 52.519794], [14.997235, 52.456655], [15.033463, 52.454374], [15.026783, 52.391438], [14.946412, 52.409586], [14.875258, 52.362306], [14.877455, 52.280818], [14.91322, 52.210029], [15.091325, 52.226082], [15.14926, 52.23378], [15.242658, 52.31175], [15.257394, 52.37161], [15.349316, 52.37869], [15.435799, 52.375648]]]}}, {"id": "308", "type": "Feature", "properties": {"areaName": "powiat suski", "include": true}, "geometry": {"type": "Polygon", "coordinates": [[[19.414952, 49.775265], [19.445954, 49.742569], [19.391092, 49.697189], [19.477778, 49.660813], [19.467376, 49.613763], [19.478469, 49.588031], [19.529331, 49.573019], [19.592047, 49.592841], [19.61946, 49.623724], [19.68302, 49.574257], [19.751516, 49.571453], [19.8041, 49.594828], [19.862752, 49.599308], [19.893675, 49.63752], [19.886726, 49.680745], [19.907908, 49.712592], [19.796728, 49.70473], [19.780325, 49.750339], [19.799206, 49.79074], [19.751394, 49.786182], [19.757661, 49.830104], [19.725854, 49.807389], [19.644137, 49.807753], [19.606033, 49.792719], [19.539335, 49.801779], [19.508903, 49.786982], [19.460951, 49.798646], [19.414952, 49.775265]]]}}, {"id": "309", "type": "Feature", "properties": {"areaName": "powiat suwalski", "include": true}, "geometry": {"type": "Polygon", "coordinates": [[[22.723744, 53.952569], [22.778323, 53.92285], [22.821937, 53.927574], [22.886665, 53.968292], [22.871815, 53.996228], [22.988292, 54.0163], [23.037078, 54.009552], [23.127825, 54.020527], [23.146632, 54.079475], [23.08334, 54.107426], [23.079982, 54.135777], [23.153448, 54.19769], [23.108708, 54.245379], [23.154312, 54.297005], [23.092169, 54.298454], [23.042122, 54.315974], [23.0477, 54.349188], [23.010215, 54.382796], [22.836302, 54.406481], [22.791989, 54.363341], [22.805845, 54.348984], [22.768004, 54.289444], [22.694454, 54.275449], [22.644692, 54.287846], [22.610697, 54.259923], [22.532079, 54.249121], [22.481528, 54.202441], [22.547129, 54.137729], [22.601926, 54.13652], [22.635458, 54.093024], [22.599858, 54.052792], [22.670336, 54.029307], [22.696531, 53.973515], [22.723744, 53.952569]], [[22.863758, 54.092241], [22.891714, 54.133945], [22.973101, 54.15403], [22.973047, 54.05902], [22.898502, 54.04901], [22.863758, 54.092241]]]}}, {"id": "310", "type": "Feature", "properties": {"areaName": "powiat tarnobrzeski", "include": true}, "geometry": {"type": "Polygon", "coordinates": [[[21.779165, 50.645006], [21.796275, 50.614656], [21.711875, 50.534046], [21.664823, 50.536634], [21.601197, 50.519697], [21.517815, 50.509282], [21.482111, 50.496434], [21.532733, 50.450106], [21.56613, 50.43576], [21.550737, 50.400882], [21.598496, 50.386924], [21.636794, 50.389958], [21.67066, 50.436965], [21.759134, 50.38781], [21.797261, 50.405976], [21.77645, 50.449239], [21.882354, 50.47295], [21.884326, 50.488494], [21.961633, 50.502784], [21.990492, 50.568033], [21.937077, 50.578095], [21.857066, 50.650895], [21.880466, 50.702704], [21.843358, 50.739239], [21.825775, 50.698834], [21.779165, 50.645006]]]}}, {"id": "311", "type": "Feature", "properties": {"areaName": "powiat tarnowski", "include": true}, "geometry": {"type": "Polygon", "coordinates": [[[20.727988, 50.242752], [20.681534, 50.205906], [20.681531, 50.200801], [20.697059, 50.163301], [20.764071, 50.130195], [20.781293, 50.070239], [20.757628, 50.052699], [20.74857, 50.002277], [20.756651, 49.9142], [20.722563, 49.881334], [20.71317, 49.806555], [20.845349, 49.763932], [20.88244, 49.731779], [20.939272, 49.728272], [20.959722, 49.747472], [21.157593, 49.781612], [21.241772, 49.776104], [21.280398, 49.80578], [21.297149, 49.842864], [21.224743, 49.852962], [21.22538, 49.883677], [21.28, 49.892281], [21.283909, 49.925028], [21.179707, 49.928329], [21.150435, 49.976483], [21.155677, 50.004466], [21.192905, 50.029259], [21.151392, 50.045322], [21.177089, 50.071443], [21.180968, 50.117839], [21.152392, 50.147641], [21.05716, 50.106636], [20.956557, 50.112195], [20.934042, 50.164789], [20.881196, 50.160977], [20.87476, 50.195654], [20.831105, 50.223215], [20.758896, 50.208401], [20.727988, 50.242752]], [[20.893614, 50.027152], [20.92779, 50.035959], [20.940687, 50.066589], [21.033516, 50.052812], [21.024047, 49.989187], [20.912946, 49.988532], [20.893614, 50.027152]]]}}, {"id": "312", "type": "Feature", "properties": {"areaName": "Elbl\u0105g", "include": true}, "geometry": {"type": "Polygon", "coordinates": [[[19.358998, 54.163538], [19.38212, 54.139811], [19.442902, 54.137263], [19.507889, 54.172258], [19.476923, 54.224483], [19.374252, 54.206725], [19.358998, 54.163538]]]}}, {"id": "313", "type": "Feature", "properties": {"areaName": "Gliwice", "include": true}, "geometry": {"type": "Polygon", "coordinates": [[[18.735831, 50.270833], [18.731859, 50.331546], [18.651051, 50.357227], [18.658108, 50.373916], [18.613161, 50.369048], [18.579676, 50.261947], [18.685089, 50.227211], [18.720926, 50.235085], [18.735831, 50.270833]]]}}, {"id": "314", "type": "Feature", "properties": {"areaName": "powiat le\u017cajski", "include": true}, "geometry": {"type": "Polygon", "coordinates": [[[22.405448, 50.394439], [22.441436, 50.379931], [22.455738, 50.350135], [22.434576, 50.330972], [22.349181, 50.376531], [22.277547, 50.384154], [22.193109, 50.33658], [22.198885, 50.285747], [22.233445, 50.246816], [22.370913, 50.166585], [22.409391, 50.125791], [22.447904, 50.123079], [22.52771, 50.141292], [22.53506, 50.194126], [22.606862, 50.221902], [22.573646, 50.25115], [22.619673, 50.266758], [22.638157, 50.303012], [22.621869, 50.333427], [22.565177, 50.359055], [22.507006, 50.34362], [22.405448, 50.394439]]]}}, {"id": "315", "type": "Feature", "properties": {"areaName": "powiat lipski", "include": true}, "geometry": {"type": "Polygon", "coordinates": [[[21.630186, 51.063366], [21.676246, 51.078016], [21.705264, 51.04268], [21.760623, 51.042802], [21.802999, 51.07208], [21.787012, 51.145205], [21.788457, 51.201525], [21.822331, 51.263078], [21.787857, 51.262172], [21.690231, 51.298695], [21.631852, 51.266352], [21.540067, 51.295246], [21.468289, 51.253547], [21.451942, 51.220762], [21.416201, 51.221281], [21.401844, 51.194001], [21.344243, 51.176199], [21.312977, 51.084315], [21.382459, 51.040468], [21.463591, 51.013137], [21.529054, 51.059016], [21.630186, 51.063366]]]}}, {"id": "316", "type": "Feature", "properties": {"areaName": "powiat my\u015blenicki", "include": true}, "geometry": {"type": "Polygon", "coordinates": [[[19.810343, 49.885192], [19.776879, 49.867104], [19.757661, 49.830104], [19.751394, 49.786182], [19.799206, 49.79074], [19.780325, 49.750339], [19.796728, 49.70473], [19.907908, 49.712592], [19.886726, 49.680745], [19.893675, 49.63752], [19.946555, 49.617971], [19.991875, 49.653545], [20.01188, 49.672159], [20.008248, 49.710417], [20.039255, 49.746344], [20.0756, 49.730634], [20.132845, 49.744925], [20.156266, 49.802676], [20.244272, 49.829504], [20.232499, 49.863624], [20.129565, 49.887751], [20.086989, 49.92652], [20.017388, 49.908985], [20.001301, 49.931136], [19.882973, 49.924122], [19.810343, 49.885192]]]}}, {"id": "317", "type": "Feature", "properties": {"areaName": "powiat my\u015bliborski", "include": true}, "geometry": {"type": "Polygon", "coordinates": [[[15.205756, 53.081833], [15.198993, 53.084954], [15.158803, 53.060964], [15.139859, 53.028384], [15.037039, 53.036183], [15.049746, 53.002499], [14.932547, 52.983827], [14.896424, 53.01971], [14.916227, 53.042969], [14.830634, 53.055608], [14.79012, 53.022912], [14.732634, 53.036956], [14.695948, 53.007047], [14.722238, 52.950361], [14.696775, 52.925502], [14.608542, 52.784322], [14.552966, 52.741636], [14.532108, 52.746992], [14.436422, 52.679872], [14.564055, 52.624685], [14.638189, 52.659462], [14.658281, 52.642348], [14.72202, 52.632572], [14.791599, 52.697113], [14.815517, 52.774428], [14.865419, 52.791973], [14.858516, 52.828879], [14.904184, 52.883886], [15.040957, 52.859346], [15.071757, 52.830585], [15.276477, 52.882655], [15.33167, 52.90441], [15.286798, 52.957126], [15.282753, 53.009145], [15.205704, 53.043947], [15.205756, 53.081833]]]}}, {"id": "318", "type": "Feature", "properties": {"areaName": "powiat myszkowski", "include": true}, "geometry": {"type": "Polygon", "coordinates": [[[19.097519, 50.635151], [19.07336, 50.616077], [19.105318, 50.587051], [19.077172, 50.555802], [19.079062, 50.50791], [19.133614, 50.522545], [19.182681, 50.533726], [19.213555, 50.521672], [19.268084, 50.536363], [19.306746, 50.521283], [19.345454, 50.506595], [19.391128, 50.525233], [19.376806, 50.562588], [19.427945, 50.593451], [19.465713, 50.582423], [19.513089, 50.61463], [19.620148, 50.622949], [19.623301, 50.658026], [19.554476, 50.653588], [19.473993, 50.686363], [19.430455, 50.681068], [19.339765, 50.691132], [19.299164, 50.68024], [19.24518, 50.704395], [19.18163, 50.682941], [19.17835, 50.649197], [19.097519, 50.635151]]]}}, {"id": "319", "type": "Feature", "properties": {"areaName": "powiat nakielski", "include": true}, "geometry": {"type": "Polygon", "coordinates": [[[17.512544, 52.908815], [17.562239, 52.894874], [17.61379, 52.916668], [17.708555, 52.925443], [17.72564, 52.916537], [17.808624, 52.941171], [17.852676, 52.97835], [17.835897, 53.018431], [17.878377, 53.042988], [17.840119, 53.092181], [17.777825, 53.103131], [17.783994, 53.139507], [17.744032, 53.142688], [17.746819, 53.181286], [17.709277, 53.191379], [17.668997, 53.22832], [17.697628, 53.238901], [17.702421, 53.285882], [17.613974, 53.274505], [17.555279, 53.294901], [17.52609, 53.277567], [17.453183, 53.283962], [17.438793, 53.267515], [17.409208, 53.227253], [17.331951, 53.217787], [17.360944, 53.117441], [17.32395, 53.078264], [17.336694, 53.042742], [17.301556, 52.994803], [17.316919, 52.974044], [17.394782, 52.982333], [17.518652, 52.928045], [17.512544, 52.908815]]]}}, {"id": "320", "type": "Feature", "properties": {"areaName": "powiat nowodworski", "include": true}, "geometry": {"type": "Polygon", "coordinates": [[[19.258571, 54.281629], [19.247233, 54.343522], [18.982323, 54.346223], [18.951302, 54.361783], [18.933734, 54.310636], [18.940698, 54.280206], [18.943591, 54.238493], [18.918482, 54.210369], [18.861325, 54.185292], [18.8366, 54.155437], [18.882545, 54.155368], [19.001545, 54.183051], [19.048066, 54.171813], [19.068316, 54.144558], [19.21097, 54.145121], [19.21733, 54.116318], [19.25781, 54.151231], [19.247142, 54.167295], [19.325877, 54.199986], [19.317456, 54.225725], [19.258571, 54.281629]]]}}, {"id": "321", "type": "Feature", "properties": {"areaName": "powiat nowotarski", "include": true}, "geometry": {"type": "Polygon", "coordinates": [[[19.991875, 49.653545], [19.946555, 49.617971], [19.893675, 49.63752], [19.862752, 49.599308], [19.8041, 49.594828], [19.751516, 49.571453], [19.68302, 49.574257], [19.61946, 49.623724], [19.592047, 49.592841], [19.529331, 49.573019], [19.530449, 49.53577], [19.580582, 49.461219], [19.648596, 49.435365], [19.635917, 49.410386], [19.729639, 49.391737], [19.790592, 49.410688], [19.795327, 49.347535], [19.843776, 49.354127], [19.899802, 49.339839], [20.044024, 49.405803], [20.098489, 49.419803], [20.112536, 49.398562], [20.172294, 49.367713], [20.190131, 49.337728], [20.242506, 49.350865], [20.323654, 49.351812], [20.325081, 49.403028], [20.382479, 49.391022], [20.47196, 49.415436], [20.509936, 49.393446], [20.575525, 49.376106], [20.614934, 49.417845], [20.607013, 49.448367], [20.535867, 49.473017], [20.475004, 49.466166], [20.444722, 49.513488], [20.362018, 49.53415], [20.29907, 49.569902], [20.214686, 49.550783], [20.119155, 49.544214], [20.039584, 49.559835], [19.9993, 49.61293], [19.991875, 49.653545]]]}}, {"id": "322", "type": "Feature", "properties": {"areaName": "powiat nowotomyski", "include": true}, "geometry": {"type": "Polygon", "coordinates": [[[15.849505, 52.21329], [15.86095, 52.182772], [15.996355, 52.23197], [16.072692, 52.243676], [16.163795, 52.226452], [16.173508, 52.268077], [16.299532, 52.287221], [16.420069, 52.248765], [16.457163, 52.268388], [16.512668, 52.269904], [16.496546, 52.32308], [16.460747, 52.376627], [16.442635, 52.405092], [16.359188, 52.425678], [16.317499, 52.453474], [16.194219, 52.48889], [16.1481, 52.484442], [16.097048, 52.514119], [16.025476, 52.488709], [16.017615, 52.45827], [15.965838, 52.448244], [15.946399, 52.474332], [15.891567, 52.473153], [15.898142, 52.447384], [15.844551, 52.431773], [15.843579, 52.402905], [15.90028, 52.390869], [15.881269, 52.35214], [15.88081, 52.29043], [15.852401, 52.262113], [15.849505, 52.21329]]]}}, {"id": "323", "type": "Feature", "properties": {"areaName": "powiat ole\u015bnicki", "include": true}, "geometry": {"type": "Polygon", "coordinates": [[[17.527005, 51.457198], [17.448781, 51.44072], [17.370515, 51.368075], [17.340069, 51.372912], [17.287912, 51.34226], [17.26152, 51.354405], [17.242124, 51.266988], [17.250956, 51.2395], [17.310606, 51.21483], [17.289101, 51.174096], [17.326604, 51.158709], [17.328849, 51.117798], [17.375983, 51.103703], [17.417042, 51.099948], [17.432014, 51.067749], [17.518402, 51.051527], [17.558208, 51.067831], [17.576381, 51.129422], [17.545469, 51.143574], [17.620611, 51.175426], [17.66927, 51.160815], [17.795269, 51.194146], [17.743958, 51.24302], [17.760497, 51.309654], [17.722964, 51.359371], [17.719995, 51.386145], [17.750008, 51.411327], [17.703074, 51.399492], [17.612897, 51.422993], [17.571107, 51.405176], [17.527005, 51.457198]]]}}, {"id": "324", "type": "Feature", "properties": {"areaName": "powiat przasnyski", "include": true}, "geometry": {"type": "Polygon", "coordinates": [[[20.861727, 52.869924], [20.976654, 52.881777], [21.005428, 52.90554], [20.972612, 52.941251], [21.038512, 52.945358], [21.001892, 52.993682], [21.010846, 53.054022], [21.082382, 53.082481], [21.085956, 53.107747], [21.134436, 53.125595], [21.181683, 53.114563], [21.214259, 53.13319], [21.149137, 53.172071], [21.179766, 53.289055], [21.053885, 53.334322], [20.991704, 53.361359], [20.9144, 53.348221], [20.848684, 53.292331], [20.79161, 53.30954], [20.692368, 53.302625], [20.675952, 53.269527], [20.707644, 53.179858], [20.702913, 53.123962], [20.668047, 53.087481], [20.668768, 53.025828], [20.699071, 52.98785], [20.782608, 52.977227], [20.785619, 52.943577], [20.836032, 52.908037], [20.861727, 52.869924]]]}}, {"id": "325", "type": "Feature", "properties": {"areaName": "powiat soko\u0142owski", "include": true}, "geometry": {"type": "Polygon", "coordinates": [[[22.458327, 52.586318], [22.406534, 52.610117], [22.349388, 52.656216], [22.273921, 52.670196], [22.216056, 52.697821], [22.103219, 52.693752], [22.042925, 52.676139], [22.034937, 52.621568], [21.999766, 52.621888], [21.983311, 52.597733], [22.041702, 52.547722], [22.085994, 52.53159], [22.170445, 52.463458], [22.13574, 52.425512], [22.090288, 52.409834], [22.089755, 52.38776], [22.13095, 52.354632], [22.076069, 52.338214], [22.114232, 52.313439], [22.213896, 52.303876], [22.271302, 52.317654], [22.300121, 52.301295], [22.381714, 52.314717], [22.491016, 52.319444], [22.540245, 52.365276], [22.562851, 52.410534], [22.54188, 52.42421], [22.51011, 52.490238], [22.526677, 52.521176], [22.458327, 52.586318]]]}}, {"id": "326", "type": "Feature", "properties": {"areaName": "powiat wschowski", "include": true}, "geometry": {"type": "Polygon", "coordinates": [[[16.270096, 51.663544], [16.276421, 51.688322], [16.346912, 51.708882], [16.383261, 51.77044], [16.416191, 51.784865], [16.4007, 51.837893], [16.28693, 51.90026], [16.253676, 51.899378], [16.20016, 51.87196], [16.143606, 51.895039], [16.126166, 51.933896], [16.121166, 51.991844], [16.060645, 51.977158], [16.010617, 51.981422], [15.996782, 51.947153], [15.945098, 51.937429], [15.991756, 51.903626], [15.896501, 51.852453], [15.883886, 51.798945], [15.968105, 51.787907], [16.035237, 51.781681], [16.135833, 51.759497], [16.17783, 51.763968], [16.160031, 51.711712], [16.217539, 51.714644], [16.270096, 51.663544]]]}}, {"id": "327", "type": "Feature", "properties": {"areaName": "powiat wysokomazowiecki", "include": true}, "geometry": {"type": "Polygon", "coordinates": [[[22.717349, 52.6746], [22.660958, 52.701235], [22.611432, 52.739549], [22.674939, 52.756208], [22.702652, 52.802631], [22.763949, 52.818678], [22.774171, 52.857066], [22.722723, 52.92906], [22.766992, 52.928265], [22.788024, 52.965941], [22.7612, 53.006602], [22.786365, 53.032275], [22.862874, 53.055181], [22.815822, 53.078993], [22.811665, 53.120644], [22.749858, 53.116031], [22.658378, 53.143783], [22.622504, 53.132316], [22.594009, 53.094095], [22.562105, 53.063794], [22.493421, 53.050634], [22.404346, 53.007092], [22.40445, 52.986358], [22.349936, 52.971514], [22.347209, 52.90769], [22.293183, 52.871112], [22.305064, 52.839348], [22.251065, 52.82578], [22.303656, 52.74798], [22.334414, 52.740464], [22.378626, 52.794403], [22.453771, 52.788238], [22.43511, 52.696218], [22.450862, 52.624346], [22.406534, 52.610117], [22.458327, 52.586318], [22.4838, 52.617762], [22.603776, 52.599175], [22.698112, 52.630866], [22.717349, 52.6746]]]}}, {"id": "328", "type": "Feature", "properties": {"areaName": "powiat \u017caga\u0144ski", "include": true}, "geometry": {"type": "Polygon", "coordinates": [[[15.834259, 51.672189], [15.728961, 51.644994], [15.660165, 51.669881], [15.600142, 51.670066], [15.578906, 51.694255], [15.525959, 51.683272], [15.49433, 51.750314], [15.442266, 51.781657], [15.414267, 51.754001], [15.345722, 51.736522], [15.29807, 51.754395], [15.233056, 51.740427], [15.270243, 51.668509], [15.263596, 51.619184], [15.235938, 51.590577], [15.111471, 51.545407], [15.062562, 51.561606], [15.025811, 51.531752], [14.993047, 51.482891], [15.048788, 51.481962], [15.047322, 51.436421], [15.086202, 51.425499], [15.150558, 51.442432], [15.252045, 51.449045], [15.275517, 51.429797], [15.315193, 51.417669], [15.343283, 51.44695], [15.339411, 51.47409], [15.382388, 51.512438], [15.487664, 51.527564], [15.595944, 51.469551], [15.656009, 51.472399], [15.678928, 51.512382], [15.714032, 51.517397], [15.712309, 51.546549], [15.769815, 51.569657], [15.823621, 51.572744], [15.815812, 51.60292], [15.849712, 51.665197], [15.834259, 51.672189]]]}}, {"id": "329", "type": "Feature", "properties": {"areaName": "powiat zambrowski", "include": true}, "geometry": {"type": "Polygon", "coordinates": [[[22.469074, 53.20337], [22.412266, 53.183917], [22.293004, 53.11028], [22.313943, 53.08761], [22.250343, 53.073825], [22.219109, 53.04021], [22.111389, 53.051057], [22.092676, 53.11727], [22.056567, 53.097024], [22.068207, 53.050116], [22.028364, 52.992954], [21.976098, 52.978834], [22.028794, 52.938482], [22.003931, 52.877866], [22.037979, 52.85082], [22.124193, 52.842701], [22.207171, 52.883037], [22.293183, 52.871112], [22.347209, 52.90769], [22.349936, 52.971514], [22.40445, 52.986358], [22.404346, 53.007092], [22.493421, 53.050634], [22.562105, 53.063794], [22.594009, 53.094095], [22.505091, 53.140702], [22.469074, 53.20337]]]}}, {"id": "330", "type": "Feature", "properties": {"areaName": "powiat zamojski", "include": true}, "geometry": {"type": "Polygon", "coordinates": [[[22.887875, 50.80776], [22.796982, 50.76909], [22.778126, 50.735995], [22.829474, 50.704788], [22.794014, 50.688596], [22.812655, 50.623722], [22.869707, 50.639174], [22.899006, 50.595403], [22.986077, 50.566012], [23.009866, 50.519168], [23.112233, 50.534126], [23.179591, 50.496263], [23.215428, 50.505865], [23.260962, 50.479393], [23.31888, 50.503171], [23.297362, 50.559894], [23.31125, 50.61022], [23.396183, 50.608932], [23.431316, 50.591606], [23.557323, 50.600625], [23.598176, 50.613958], [23.596134, 50.678855], [23.622883, 50.684003], [23.663512, 50.793512], [23.636174, 50.813176], [23.649372, 50.853708], [23.580413, 50.873523], [23.479519, 50.898324], [23.317332, 50.89901], [23.271874, 50.890064], [23.247735, 50.855107], [23.14999, 50.872362], [23.137594, 50.841468], [23.080921, 50.842598], [23.033606, 50.869116], [22.988967, 50.822378], [22.934358, 50.804022], [22.887875, 50.80776]], [[23.190238, 50.727531], [23.271477, 50.748494], [23.306483, 50.744512], [23.277182, 50.69518], [23.220546, 50.702694], [23.190238, 50.727531]]]}}, {"id": "331", "type": "Feature", "properties": {"areaName": "powiat \u017cywiecki", "include": true}, "geometry": {"type": "Polygon", "coordinates": [[[18.946583, 49.51737], [18.973333, 49.496807], [18.960783, 49.454705], [18.988972, 49.431299], [18.971181, 49.402063], [19.0259, 49.394011], [19.053912, 49.415163], [19.107287, 49.403682], [19.197397, 49.414564], [19.219007, 49.448612], [19.233272, 49.510492], [19.281523, 49.535337], [19.3623, 49.536088], [19.371363, 49.567442], [19.467376, 49.613763], [19.477778, 49.660813], [19.391092, 49.697189], [19.445954, 49.742569], [19.414952, 49.775265], [19.316784, 49.777887], [19.220101, 49.788843], [19.186045, 49.82863], [19.140699, 49.810269], [19.11745, 49.70712], [19.059312, 49.705715], [19.001481, 49.656646], [19.017275, 49.622341], [18.984044, 49.587025], [18.981594, 49.539198], [18.946583, 49.51737]]]}}, {"id": "332", "type": "Feature", "properties": {"areaName": "Szczecin", "include": true}, "geometry": {"type": "Polygon", "coordinates": [[[14.554847, 53.354121], [14.628995, 53.366064], [14.74629, 53.32919], [14.800941, 53.325773], [14.7405, 53.37546], [14.777979, 53.402982], [14.697842, 53.467945], [14.682866, 53.53116], [14.635264, 53.533929], [14.54216, 53.49242], [14.464382, 53.497301], [14.491773, 53.39364], [14.57431, 53.371425], [14.554847, 53.354121]]]}}, {"id": "333", "type": "Feature", "properties": {"areaName": "powiat i\u0142awski", "include": true}, "geometry": {"type": "Polygon", "coordinates": [[[19.218839, 53.524259], [19.347614, 53.560153], [19.411511, 53.569373], [19.547032, 53.529794], [19.611013, 53.524034], [19.606416, 53.490726], [19.670091, 53.454508], [19.777215, 53.439329], [19.834493, 53.454976], [19.904018, 53.43602], [19.948018, 53.438351], [19.880644, 53.561812], [19.816348, 53.580549], [19.810799, 53.601148], [19.738182, 53.617089], [19.808642, 53.671398], [19.712529, 53.697118], [19.702478, 53.719754], [19.751127, 53.778451], [19.740518, 53.831774], [19.712695, 53.865748], [19.584925, 53.893149], [19.560336, 53.916676], [19.518582, 53.846639], [19.454206, 53.797553], [19.322978, 53.813945], [19.291741, 53.741445], [19.212946, 53.691425], [19.21228, 53.643366], [19.179083, 53.64038], [19.130362, 53.608278], [19.129276, 53.588261], [19.199701, 53.570059], [19.218839, 53.524259]]]}}, {"id": "334", "type": "Feature", "properties": {"areaName": "powiat jaworski", "include": true}, "geometry": {"type": "Polygon", "coordinates": [[[16.103011, 50.858873], [16.197591, 50.871522], [16.203877, 50.885696], [16.169829, 50.945322], [16.200804, 50.976283], [16.217551, 51.018281], [16.269101, 51.012119], [16.337213, 51.029032], [16.34449, 51.065415], [16.393735, 51.057922], [16.474553, 51.106416], [16.441791, 51.126128], [16.406605, 51.125068], [16.35637, 51.149512], [16.326736, 51.144751], [16.2903, 51.109096], [16.236193, 51.098913], [16.1523, 51.136668], [16.096321, 51.100858], [16.047346, 51.115281], [16.014363, 51.082355], [15.93295, 51.061234], [15.942622, 51.035123], [16.001415, 50.990879], [15.976003, 50.948321], [15.932882, 50.923588], [15.961978, 50.894627], [16.000498, 50.899424], [16.075465, 50.88443], [16.103011, 50.858873]]]}}, {"id": "335", "type": "Feature", "properties": {"areaName": "powiat gr\u00f3jecki", "include": true}, "geometry": {"type": "Polygon", "coordinates": [[[21.124778, 51.727861], [21.165147, 51.77059], [21.284921, 51.815621], [21.286409, 51.861674], [21.275677, 51.876825], [21.239111, 51.90163], [21.196927, 51.898003], [21.183737, 51.928036], [21.087026, 51.939613], [20.95242, 51.910108], [20.920645, 51.934302], [20.839517, 51.930454], [20.78983, 51.952488], [20.727155, 51.94379], [20.686031, 51.954832], [20.657866, 51.925466], [20.64332, 51.85136], [20.605395, 51.849636], [20.60774, 51.816061], [20.579001, 51.79286], [20.582639, 51.747984], [20.658386, 51.724013], [20.653201, 51.677144], [20.621673, 51.65786], [20.535161, 51.668736], [20.467113, 51.692827], [20.400246, 51.672754], [20.384999, 51.641614], [20.424895, 51.611622], [20.517239, 51.61193], [20.494786, 51.560578], [20.643591, 51.583662], [20.650983, 51.606496], [20.707646, 51.622438], [20.758728, 51.621436], [20.814134, 51.637873], [20.812737, 51.667592], [20.762906, 51.690206], [20.831584, 51.711924], [20.88221, 51.709378], [20.914837, 51.749781], [20.973006, 51.74581], [21.015353, 51.694528], [21.073432, 51.698208], [21.124778, 51.727861]]]}}, {"id": "336", "type": "Feature", "properties": {"areaName": "powiat gryficki", "include": true}, "geometry": {"type": "Polygon", "coordinates": [[[15.083257, 53.793851], [15.146677, 53.786546], [15.222556, 53.726799], [15.281021, 53.755091], [15.327679, 53.761609], [15.368145, 53.839271], [15.467965, 53.855982], [15.479241, 53.87712], [15.43612, 53.909263], [15.466342, 53.940287], [15.419568, 53.989437], [15.438388, 54.073876], [15.354995, 54.085769], [15.353962, 54.12089], [15.387596, 54.159599], [15.286207, 54.146842], [14.895977, 54.054547], [14.954088, 54.040278], [15.057345, 53.96353], [15.041298, 53.878011], [15.058772, 53.815069], [15.083257, 53.793851]]]}}, {"id": "337", "type": "Feature", "properties": {"areaName": "powiat gryfi\u0144ski", "include": true}, "geometry": {"type": "Polygon", "coordinates": [[[14.861798, 53.246541], [14.875306, 53.301271], [14.800941, 53.325773], [14.74629, 53.32919], [14.628995, 53.366064], [14.554847, 53.354121], [14.471354, 53.315296], [14.445249, 53.274433], [14.449551, 53.259981], [14.376247, 53.199131], [14.366777, 53.168451], [14.38642, 53.140675], [14.349985, 53.057392], [14.257073, 53.001979], [14.172779, 52.974569], [14.140041, 52.950481], [14.156651, 52.87421], [14.127858, 52.829866], [14.216389, 52.816773], [14.28029, 52.774268], [14.350431, 52.751291], [14.436422, 52.679872], [14.532108, 52.746992], [14.552966, 52.741636], [14.608542, 52.784322], [14.696775, 52.925502], [14.722238, 52.950361], [14.695948, 53.007047], [14.732634, 53.036956], [14.748664, 53.119162], [14.689368, 53.177936], [14.71588, 53.273511], [14.814401, 53.237525], [14.861798, 53.246541]]]}}, {"id": "338", "type": "Feature", "properties": {"areaName": "powiat hajnowski", "include": true}, "geometry": {"type": "Polygon", "coordinates": [[[23.313916, 52.42669], [23.408147, 52.511517], [23.466628, 52.549448], [23.540169, 52.580243], [23.641411, 52.607456], [23.756176, 52.614523], [23.93864, 52.712916], [23.939926, 52.813275], [23.924607, 52.830675], [23.916239, 52.904812], [23.820379, 52.911389], [23.787716, 52.93656], [23.713314, 52.946626], [23.61908, 52.931039], [23.615555, 52.954272], [23.564809, 52.974443], [23.473975, 52.981966], [23.418894, 52.963903], [23.374987, 52.965085], [23.390707, 52.904361], [23.330155, 52.893523], [23.349126, 52.817426], [23.370509, 52.807704], [23.378392, 52.726348], [23.402355, 52.683292], [23.361172, 52.650221], [23.32912, 52.657794], [23.276301, 52.59706], [23.230494, 52.599832], [23.174813, 52.565963], [23.192468, 52.543403], [23.267107, 52.531343], [23.314938, 52.501292], [23.256858, 52.490241], [23.277032, 52.446272], [23.313916, 52.42669]]]}}, {"id": "339", "type": "Feature", "properties": {"areaName": "powiat ostr\u00f3dzki", "include": true}, "geometry": {"type": "Polygon", "coordinates": [[[19.560336, 53.916676], [19.584925, 53.893149], [19.712695, 53.865748], [19.740518, 53.831774], [19.751127, 53.778451], [19.702478, 53.719754], [19.712529, 53.697118], [19.808642, 53.671398], [19.738182, 53.617089], [19.810799, 53.601148], [19.816348, 53.580549], [19.880644, 53.561812], [19.948018, 53.438351], [19.980243, 53.41274], [20.092127, 53.378487], [20.134551, 53.424084], [20.201138, 53.395155], [20.224847, 53.419036], [20.185718, 53.457043], [20.233296, 53.472278], [20.260534, 53.498154], [20.170141, 53.54671], [20.116175, 53.614719], [20.144202, 53.640495], [20.143548, 53.70258], [20.112944, 53.712714], [20.16838, 53.782178], [20.137734, 53.806243], [20.130274, 53.851251], [20.177932, 53.882196], [20.121515, 53.894327], [20.113608, 53.93527], [20.161018, 53.98475], [20.095753, 54.076643], [20.058202, 54.076934], [20.020471, 54.033037], [19.885595, 54.035215], [19.806914, 54.007091], [19.78864, 53.981801], [19.68376, 53.94115], [19.612321, 53.955976], [19.575983, 53.948311], [19.560336, 53.916676]]]}}, {"id": "340", "type": "Feature", "properties": {"areaName": "powiat strzelecki", "include": true}, "geometry": {"type": "Polygon", "coordinates": [[[18.342618, 50.695671], [18.278833, 50.642899], [18.207874, 50.649687], [18.118069, 50.554306], [18.091443, 50.512355], [18.128906, 50.480407], [18.156123, 50.432565], [18.153566, 50.386561], [18.190586, 50.376499], [18.274862, 50.386895], [18.298406, 50.404952], [18.357745, 50.356569], [18.39631, 50.38896], [18.379609, 50.481743], [18.440043, 50.480727], [18.437048, 50.545925], [18.477855, 50.552714], [18.556876, 50.539757], [18.607473, 50.550011], [18.601727, 50.604453], [18.513204, 50.630723], [18.46833, 50.624973], [18.459129, 50.679029], [18.378485, 50.704156], [18.342618, 50.695671]]]}}, {"id": "341", "type": "Feature", "properties": {"areaName": "powiat strzelecko-drezdenecki", "include": true}, "geometry": {"type": "Polygon", "coordinates": [[[15.286798, 52.957126], [15.33167, 52.90441], [15.42344, 52.88649], [15.446456, 52.861243], [15.424793, 52.839079], [15.456244, 52.776502], [15.490117, 52.752], [15.575291, 52.767209], [15.603666, 52.714117], [15.633714, 52.701182], [15.738238, 52.713226], [15.793275, 52.706928], [15.905551, 52.714169], [15.944896, 52.729152], [15.946916, 52.754896], [15.934038, 52.803857], [15.904396, 52.826199], [15.969964, 52.85384], [15.978771, 52.937153], [15.949449, 52.998526], [15.962498, 53.041381], [15.997924, 53.086384], [15.982018, 53.115506], [15.911825, 53.12391], [15.848227, 53.115259], [15.811489, 53.08436], [15.766726, 52.998764], [15.681895, 52.997192], [15.633436, 52.976376], [15.572224, 52.98686], [15.554902, 53.011285], [15.388803, 52.971581], [15.362999, 52.944041], [15.286798, 52.957126]]]}}, {"id": "342", "type": "Feature", "properties": {"areaName": "powiat strzy\u017cowski", "include": true}, "geometry": {"type": "Polygon", "coordinates": [[[22.020216, 49.837621], [21.944597, 49.875855], [21.90122, 49.932476], [21.895738, 49.957342], [21.804112, 49.971916], [21.748191, 49.968886], [21.690524, 49.962721], [21.672034, 49.925078], [21.598814, 49.921916], [21.523526, 49.892913], [21.487629, 49.879205], [21.477461, 49.840503], [21.552488, 49.827771], [21.56053, 49.785736], [21.618142, 49.797944], [21.66061, 49.843792], [21.743313, 49.792053], [21.811665, 49.781208], [21.860895, 49.791479], [21.894785, 49.781095], [21.945285, 49.813306], [22.020216, 49.837621]]]}}, {"id": "343", "type": "Feature", "properties": {"areaName": "powiat \u015bwidnicki", "include": true}, "geometry": {"type": "Polygon", "coordinates": [[[22.769867, 51.278072], [22.72401, 51.264144], [22.719377, 51.23468], [22.66455, 51.242461], [22.638795, 51.213971], [22.701571, 51.191094], [22.681101, 51.152101], [22.689977, 51.106459], [22.772537, 51.073667], [22.81188, 51.046397], [22.810451, 51.018566], [22.775303, 50.993925], [22.813472, 50.973384], [22.877492, 50.964647], [22.917946, 50.97653], [22.951954, 51.021075], [22.901506, 51.02429], [22.880616, 51.070227], [22.916312, 51.110997], [22.959505, 51.119636], [23.006022, 51.09277], [23.064719, 51.097315], [23.040884, 51.183563], [22.975579, 51.195768], [22.923065, 51.174026], [22.875297, 51.180635], [22.844738, 51.235206], [22.858165, 51.254026], [22.808201, 51.284745], [22.769867, 51.278072]]]}}, {"id": "344", "type": "Feature", "properties": {"areaName": "powiat wieruszowski", "include": true}, "geometry": {"type": "Polygon", "coordinates": [[[18.349731, 51.137174], [18.3475, 51.186654], [18.369846, 51.264142], [18.40157, 51.277323], [18.405742, 51.316608], [18.547805, 51.34042], [18.561138, 51.383634], [18.465391, 51.399442], [18.344441, 51.388377], [18.326287, 51.419882], [18.229086, 51.451548], [18.188317, 51.386735], [18.149206, 51.391447], [18.09878, 51.362052], [18.092516, 51.325514], [18.126735, 51.268905], [18.172197, 51.262962], [18.163694, 51.172515], [18.187362, 51.157223], [18.259563, 51.157705], [18.314931, 51.133969], [18.349731, 51.137174]]]}}, {"id": "345", "type": "Feature", "properties": {"areaName": "powiat wyszkowski", "include": true}, "geometry": {"type": "Polygon", "coordinates": [[[21.479266, 52.801422], [21.438506, 52.773278], [21.330837, 52.790581], [21.320153, 52.778108], [21.347197, 52.732711], [21.338066, 52.704718], [21.288086, 52.677394], [21.283221, 52.633488], [21.232031, 52.573193], [21.121797, 52.553588], [21.142769, 52.519044], [21.223128, 52.533964], [21.30592, 52.533], [21.379728, 52.471206], [21.52932, 52.482815], [21.596811, 52.553232], [21.56747, 52.60152], [21.657444, 52.603613], [21.675674, 52.630369], [21.773019, 52.664925], [21.660053, 52.698754], [21.697315, 52.732322], [21.704489, 52.796162], [21.67595, 52.795567], [21.601879, 52.83419], [21.572256, 52.804432], [21.479266, 52.801422]]]}}, {"id": "346", "type": "Feature", "properties": {"areaName": "powiat z\u0105bkowicki", "include": true}, "geometry": {"type": "Polygon", "coordinates": [[[16.860324, 50.40775], [16.907901, 50.449449], [16.946743, 50.479174], [17.06241, 50.476081], [17.06131, 50.536948], [17.114918, 50.587448], [17.164896, 50.613463], [17.12255, 50.663136], [17.064792, 50.693649], [16.957955, 50.693263], [16.881774, 50.709091], [16.867577, 50.677248], [16.80569, 50.660171], [16.724071, 50.667185], [16.614903, 50.624973], [16.583137, 50.628261], [16.641965, 50.549734], [16.675956, 50.530142], [16.707894, 50.476414], [16.736408, 50.475626], [16.767402, 50.425595], [16.808382, 50.399781], [16.860324, 50.40775]]]}}, {"id": "347", "type": "Feature", "properties": {"areaName": "powiat zgierski", "include": true}, "geometry": {"type": "Polygon", "coordinates": [[[19.840031, 51.952023], [19.831852, 51.9769], [19.730898, 51.996637], [19.679201, 52.029005], [19.562188, 52.034583], [19.558027, 52.021771], [19.4635, 51.996584], [19.385922, 52.005248], [19.289699, 52.036527], [19.21998, 52.014041], [19.128772, 52.000724], [19.151703, 51.964675], [19.144892, 51.905696], [19.155717, 51.870689], [19.138547, 51.825088], [19.240076, 51.796584], [19.29744, 51.771228], [19.337343, 51.78407], [19.351841, 51.834997], [19.387373, 51.8259], [19.455936, 51.836494], [19.490281, 51.859058], [19.568389, 51.837781], [19.622354, 51.857541], [19.660656, 51.853701], [19.677163, 51.891246], [19.724329, 51.946522], [19.840031, 51.952023]]]}}, {"id": "348", "type": "Feature", "properties": {"areaName": "powiat z\u0142otowski", "include": true}, "geometry": {"type": "Polygon", "coordinates": [[[16.892246, 53.655871], [16.840031, 53.629273], [16.758368, 53.624088], [16.718547, 53.54366], [16.648954, 53.485762], [16.490093, 53.470289], [16.454472, 53.488474], [16.439804, 53.459285], [16.475321, 53.387764], [16.585095, 53.346676], [16.628544, 53.34759], [16.656753, 53.320842], [16.714467, 53.299132], [16.790642, 53.28467], [16.821659, 53.241551], [16.787265, 53.188387], [16.856995, 53.177907], [16.945811, 53.221996], [16.996035, 53.234334], [17.045338, 53.224], [17.077094, 53.239566], [17.137276, 53.237677], [17.141975, 53.26201], [17.189936, 53.270424], [17.19428, 53.297533], [17.260706, 53.326993], [17.257241, 53.363391], [17.294651, 53.421764], [17.382488, 53.468596], [17.390653, 53.490964], [17.350778, 53.493481], [17.281627, 53.534006], [17.161057, 53.527833], [17.089782, 53.542727], [17.058509, 53.520426], [17.012328, 53.520038], [17.000701, 53.552022], [16.950396, 53.55726], [16.894328, 53.628133], [16.892246, 53.655871]]]}}, {"id": "349", "type": "Feature", "properties": {"areaName": "powiat \u017cni\u0144ski", "include": true}, "geometry": {"type": "Polygon", "coordinates": [[[17.786666, 52.651516], [17.804172, 52.697359], [17.870081, 52.738921], [17.916856, 52.747828], [17.886244, 52.821396], [17.936798, 52.841765], [17.996414, 52.797026], [18.052578, 52.806364], [18.059129, 52.874971], [18.032769, 52.907674], [17.967803, 52.923388], [18.008841, 52.962813], [17.963314, 53.031607], [17.878377, 53.042988], [17.835897, 53.018431], [17.852676, 52.97835], [17.808624, 52.941171], [17.72564, 52.916537], [17.708555, 52.925443], [17.61379, 52.916668], [17.562239, 52.894874], [17.512544, 52.908815], [17.527148, 52.858181], [17.498212, 52.784918], [17.415938, 52.783817], [17.407847, 52.761804], [17.458523, 52.738948], [17.489272, 52.728102], [17.467202, 52.680384], [17.614018, 52.702972], [17.646535, 52.644804], [17.67757, 52.64858], [17.689727, 52.60212], [17.786666, 52.651516]]]}}, {"id": "350", "type": "Feature", "properties": {"areaName": "Zielona G\u00f3ra", "include": true}, "geometry": {"type": "Polygon", "coordinates": [[[15.638101, 51.905066], [15.650369, 51.94647], [15.587682, 52.031715], [15.534703, 52.034773], [15.51257, 52.01532], [15.452208, 52.018436], [15.414293, 51.961988], [15.473226, 51.912755], [15.421175, 51.883402], [15.423921, 51.855022], [15.46595, 51.82741], [15.529155, 51.823352], [15.652428, 51.875352], [15.638101, 51.905066]]]}}, {"id": "351", "type": "Feature", "properties": {"areaName": "powiat boche\u0144ski", "include": true}, "geometry": {"type": "Polygon", "coordinates": [[[20.348329, 50.099922], [20.37889, 50.065173], [20.387566, 50.022122], [20.342618, 49.994657], [20.303805, 49.942292], [20.311125, 49.925876], [20.232499, 49.863624], [20.244272, 49.829504], [20.271921, 49.813213], [20.343534, 49.815717], [20.365474, 49.778679], [20.470084, 49.780042], [20.518081, 49.798244], [20.534235, 49.833458], [20.578518, 49.837902], [20.554686, 49.884555], [20.566485, 49.915958], [20.550414, 49.957197], [20.590247, 50.033669], [20.632079, 50.056318], [20.508316, 50.103447], [20.511091, 50.138536], [20.445658, 50.140245], [20.353757, 50.117105], [20.348329, 50.099922]]]}}, {"id": "352", "type": "Feature", "properties": {"areaName": "powiat koni\u0144ski", "include": true}, "geometry": {"type": "Polygon", "coordinates": [[[17.947184, 52.000052], [18.060433, 51.979659], [18.168405, 51.98612], [18.228503, 52.03898], [18.227845, 52.096327], [18.377021, 52.138426], [18.464782, 52.17082], [18.459691, 52.204336], [18.53652, 52.25293], [18.479525, 52.273009], [18.56907, 52.313212], [18.615998, 52.366692], [18.600884, 52.417172], [18.657677, 52.423597], [18.650179, 52.450265], [18.560148, 52.463329], [18.559584, 52.484194], [18.497688, 52.502257], [18.463463, 52.476581], [18.38444, 52.475095], [18.37715, 52.537464], [18.352474, 52.54336], [18.345232, 52.521741], [18.275541, 52.491421], [18.132908, 52.505846], [18.026114, 52.450195], [18.072734, 52.41948], [18.089769, 52.383539], [18.052154, 52.331272], [18.040217, 52.2727], [18.016055, 52.228006], [18.03158, 52.181675], [18.005441, 52.141995], [18.028709, 52.115727], [17.934634, 52.090853], [17.979747, 52.048077], [17.947184, 52.000052]], [[18.192613, 52.233818], [18.252555, 52.256998], [18.227063, 52.328619], [18.307176, 52.316685], [18.292428, 52.265536], [18.299954, 52.222658], [18.266454, 52.188014], [18.192613, 52.233818]]]}}, {"id": "353", "type": "Feature", "properties": {"areaName": "powiat \u015bremski", "include": true}, "geometry": {"type": "Polygon", "coordinates": [[[17.004706, 51.98021], [17.043327, 51.971434], [17.036965, 51.941418], [17.119583, 51.924768], [17.125834, 51.946486], [17.18865, 51.967512], [17.222332, 51.98771], [17.32351, 51.987131], [17.326337, 52.010471], [17.273303, 52.036814], [17.276686, 52.068881], [17.244007, 52.108395], [17.13815, 52.100098], [17.143036, 52.133029], [17.095405, 52.159305], [17.098382, 52.18384], [17.048968, 52.161904], [16.981823, 52.186379], [16.9453, 52.179652], [16.895008, 52.197817], [16.799396, 52.176766], [16.790238, 52.140711], [16.858139, 52.115213], [16.876102, 52.067084], [17.004706, 51.98021]]]}}, {"id": "354", "type": "Feature", "properties": {"areaName": "Sosnowiec", "include": true}, "geometry": {"type": "Polygon", "coordinates": [[[19.16561, 50.313372], [19.071313, 50.294336], [19.124425, 50.26598], [19.160679, 50.22631], [19.196363, 50.228135], [19.223365, 50.258117], [19.311946, 50.258265], [19.285135, 50.291693], [19.198614, 50.316806], [19.16561, 50.313372]]]}}, {"id": "355", "type": "Feature", "properties": {"areaName": "powiat b\u0119dzi\u0144ski", "include": true}, "geometry": {"type": "MultiPolygon", "coordinates": [[[[19.249771, 50.436914], [19.28674, 50.443993], [19.269892, 50.491556], [19.306746, 50.521283], [19.268084, 50.536363], [19.213555, 50.521672], [19.182681, 50.533726], [19.133614, 50.522545], [19.134466, 50.504349], [19.089757, 50.457096], [19.023813, 50.448896], [18.970808, 50.413249], [18.958271, 50.376716], [19.04153, 50.348769], [19.061101, 50.295404], [19.071313, 50.294336], [19.16561, 50.313372], [19.189558, 50.354159], [19.182929, 50.386321], [19.218841, 50.401574], [19.249771, 50.436914]]], [[[19.285135, 50.291693], [19.311946, 50.258265], [19.323423, 50.259145], [19.382408, 50.273392], [19.406558, 50.317379], [19.285135, 50.291693]]]]}}, {"id": "356", "type": "Feature", "properties": {"areaName": "powiat mr\u0105gowski", "include": true}, "geometry": {"type": "Polygon", "coordinates": [[[21.743825, 53.891932], [21.562622, 53.870861], [21.526082, 53.854775], [21.43336, 53.936379], [21.458589, 53.959867], [21.40755, 53.96781], [21.383908, 53.995811], [21.31566, 53.990444], [21.232685, 53.969913], [21.238806, 53.946227], [21.127726, 53.938492], [21.05137, 53.866688], [21.104177, 53.82468], [21.104784, 53.770468], [21.150434, 53.725119], [21.23234, 53.669846], [21.314139, 53.628028], [21.421576, 53.638238], [21.475961, 53.632022], [21.462149, 53.721855], [21.519491, 53.723627], [21.614987, 53.765342], [21.680247, 53.722339], [21.732631, 53.825225], [21.711206, 53.863183], [21.743825, 53.891932]]]}}, {"id": "357", "type": "Feature", "properties": {"areaName": "powiat ostrzeszowski", "include": true}, "geometry": {"type": "Polygon", "coordinates": [[[17.750008, 51.411327], [17.719995, 51.386145], [17.722964, 51.359371], [17.760497, 51.309654], [17.824444, 51.294044], [17.834614, 51.330731], [17.905655, 51.349261], [17.960028, 51.33865], [18.047582, 51.393376], [18.09878, 51.362052], [18.149206, 51.391447], [18.188317, 51.386735], [18.229086, 51.451548], [18.326287, 51.419882], [18.358014, 51.466592], [18.382984, 51.477182], [18.380194, 51.518296], [18.358344, 51.536286], [18.259161, 51.546853], [18.204436, 51.532887], [18.177107, 51.545852], [18.13103, 51.533635], [18.078828, 51.540783], [18.044728, 51.564552], [17.948281, 51.568992], [17.861205, 51.49699], [17.783304, 51.495791], [17.784553, 51.465598], [17.750008, 51.411327]]]}}, {"id": "358", "type": "Feature", "properties": {"areaName": "Nowy S\u0105cz", "include": true}, "geometry": {"type": "Polygon", "coordinates": [[[20.648406, 49.581586], [20.718168, 49.554944], [20.751671, 49.578911], [20.745515, 49.635988], [20.678578, 49.65817], [20.679583, 49.611713], [20.648406, 49.581586]]]}}, {"id": "359", "type": "Feature", "properties": {"areaName": "powiat tomaszowski", "include": true}, "geometry": {"type": "Polygon", "coordinates": [[[19.981407, 51.741043], [19.912887, 51.664441], [19.878948, 51.660424], [19.857464, 51.694475], [19.752054, 51.710205], [19.708276, 51.629399], [19.713646, 51.572025], [19.821833, 51.543054], [19.8495, 51.578458], [19.890676, 51.544551], [19.918486, 51.482127], [19.957848, 51.451956], [19.926386, 51.42425], [20.057443, 51.440879], [20.05524, 51.468105], [20.191763, 51.463135], [20.21002, 51.492171], [20.300445, 51.55276], [20.325613, 51.582378], [20.366769, 51.576355], [20.419809, 51.600502], [20.424895, 51.611622], [20.384999, 51.641614], [20.285522, 51.654335], [20.264582, 51.710208], [20.220461, 51.724381], [20.177354, 51.710101], [20.115841, 51.740135], [20.015976, 51.773186], [19.981407, 51.741043]]]}}, {"id": "360", "type": "Feature", "properties": {"areaName": "Bia\u0142ystok", "include": true}, "geometry": {"type": "Polygon", "coordinates": [[[23.065791, 53.127694], [23.120636, 53.104126], [23.226585, 53.078643], [23.220242, 53.112473], [23.240534, 53.166588], [23.200134, 53.180149], [23.076372, 53.177986], [23.065791, 53.127694]]]}}, {"id": "361", "type": "Feature", "properties": {"areaName": "powiat lipnowski", "include": true}, "geometry": {"type": "Polygon", "coordinates": [[[19.444664, 52.939043], [19.399504, 52.930366], [19.306246, 52.944997], [19.295947, 52.970572], [19.238995, 53.001545], [19.177332, 52.987126], [19.148695, 52.962106], [19.094164, 52.968964], [19.009569, 52.964599], [19.06273, 52.88339], [19.020202, 52.845395], [18.953308, 52.851892], [18.907263, 52.835815], [18.938538, 52.7826], [18.98249, 52.735972], [19.00091, 52.714149], [19.055674, 52.735847], [19.139833, 52.740661], [19.167439, 52.709644], [19.182608, 52.661324], [19.17629, 52.655926], [19.247807, 52.639295], [19.367898, 52.628334], [19.430323, 52.671562], [19.455044, 52.725675], [19.525836, 52.70374], [19.518905, 52.747745], [19.424482, 52.827791], [19.508734, 52.867946], [19.458573, 52.906744], [19.444664, 52.939043]]]}}, {"id": "362", "type": "Feature", "properties": {"areaName": "Olsztyn", "include": true}, "geometry": {"type": "Polygon", "coordinates": [[[20.36649, 53.780966], [20.480202, 53.733913], [20.526099, 53.734396], [20.566646, 53.785374], [20.552952, 53.80654], [20.492002, 53.822426], [20.40523, 53.818769], [20.36649, 53.780966]]]}}, {"id": "363", "type": "Feature", "properties": {"areaName": "Radom", "include": true}, "geometry": {"type": "Polygon", "coordinates": [[[21.053188, 51.374917], [21.072248, 51.353471], [21.136168, 51.35799], [21.194993, 51.34862], [21.220732, 51.372336], [21.201765, 51.402592], [21.25054, 51.433331], [21.16225, 51.478564], [21.105445, 51.407994], [21.05845, 51.398704], [21.053188, 51.374917]]]}}, {"id": "364", "type": "Feature", "properties": {"areaName": "powiat mi\u0144ski", "include": true}, "geometry": {"type": "Polygon", "coordinates": [[[21.25049, 52.222561], [21.337707, 52.207081], [21.521204, 52.116733], [21.577712, 52.033215], [21.648372, 52.02779], [21.751677, 51.990605], [21.887857, 51.990816], [21.870231, 52.036216], [21.946571, 52.078415], [21.936928, 52.13424], [21.906393, 52.181417], [21.941782, 52.216418], [21.921278, 52.2374], [21.8747, 52.231558], [21.847604, 52.256532], [21.792638, 52.263116], [21.78432, 52.307704], [21.738146, 52.313654], [21.754019, 52.358437], [21.704219, 52.389984], [21.642636, 52.378958], [21.582698, 52.344585], [21.497197, 52.329358], [21.486644, 52.306038], [21.414556, 52.305567], [21.439796, 52.262512], [21.305088, 52.279163], [21.250469, 52.262692], [21.25049, 52.222561]]]}}, {"id": "365", "type": "Feature", "properties": {"areaName": "powiat luba\u0144ski", "include": true}, "geometry": {"type": "Polygon", "coordinates": [[[15.42833, 51.120168], [15.393606, 51.176017], [15.34007, 51.199509], [15.301964, 51.183396], [15.21704, 51.193138], [15.170221, 51.16689], [15.129957, 51.125816], [15.121655, 51.078302], [15.168249, 51.018519], [15.177206, 50.993476], [15.237183, 50.994567], [15.274074, 50.979528], [15.276998, 50.894604], [15.346135, 50.905636], [15.33156, 50.962882], [15.306918, 50.987362], [15.378212, 51.024204], [15.415479, 51.074828], [15.42833, 51.120168]]]}}, {"id": "366", "type": "Feature", "properties": {"areaName": "powiat chodzieski", "include": true}, "geometry": {"type": "Polygon", "coordinates": [[[17.28898, 53.084012], [17.206594, 53.089769], [16.951046, 53.053474], [16.807816, 53.053047], [16.737816, 52.979892], [16.774943, 52.931561], [16.780163, 52.888833], [16.836658, 52.85766], [16.941222, 52.817147], [17.007038, 52.828364], [17.048244, 52.823502], [17.10107, 52.897347], [17.165026, 52.907671], [17.177163, 52.95599], [17.201714, 52.966651], [17.187066, 53.013718], [17.25337, 53.018852], [17.298859, 53.051166], [17.28898, 53.084012]]]}}, {"id": "367", "type": "Feature", "properties": {"areaName": "powiat kutnowski", "include": true}, "geometry": {"type": "Polygon", "coordinates": [[[19.077637, 52.200112], [19.183862, 52.202064], [19.266798, 52.162981], [19.318134, 52.173764], [19.367326, 52.108405], [19.488082, 52.129392], [19.531363, 52.124857], [19.635152, 52.120401], [19.697963, 52.143492], [19.761552, 52.242247], [19.736206, 52.258449], [19.634589, 52.256174], [19.615851, 52.288217], [19.54711, 52.294272], [19.463101, 52.342749], [19.407142, 52.338876], [19.32227, 52.34839], [19.289189, 52.392712], [19.209169, 52.353448], [19.04712, 52.332804], [19.03147, 52.269784], [19.100318, 52.265907], [19.077637, 52.200112]]]}}, {"id": "368", "type": "Feature", "properties": {"areaName": "Piekary \u015al\u0105skie", "include": true}, "geometry": {"type": "Polygon", "coordinates": [[[18.985408, 50.335881], [19.04153, 50.348769], [18.958271, 50.376716], [18.970808, 50.413249], [18.928945, 50.421007], [18.914495, 50.372156], [18.96391, 50.355101], [18.959052, 50.335331], [18.985408, 50.335881]]]}}, {"id": "369", "type": "Feature", "properties": {"areaName": "powiat ko\u0142obrzeski", "include": true}, "geometry": {"type": "Polygon", "coordinates": [[[15.791906, 54.227275], [15.662961, 54.199054], [15.550823, 54.186394], [15.480636, 54.166222], [15.387596, 54.159599], [15.353962, 54.12089], [15.354995, 54.085769], [15.438388, 54.073876], [15.419568, 53.989437], [15.466342, 53.940287], [15.43612, 53.909263], [15.479241, 53.87712], [15.531319, 53.873546], [15.58778, 53.93348], [15.651964, 53.965983], [15.725728, 53.963961], [15.721133, 53.990234], [15.748535, 54.076736], [15.817666, 54.075976], [15.863384, 54.108421], [15.880179, 54.145651], [15.847194, 54.147232], [15.79248, 54.204129], [15.791906, 54.227275]]]}}, {"id": "370", "type": "Feature", "properties": {"areaName": "Bydgoszcz", "include": true}, "geometry": {"type": "Polygon", "coordinates": [[[18.144276, 53.103153], [18.134894, 53.119508], [18.1837, 53.148516], [18.163417, 53.177231], [18.11899, 53.16735], [17.995416, 53.179709], [17.958496, 53.150467], [17.9475, 53.101863], [18.027874, 53.095058], [18.039758, 53.05011], [18.111169, 53.065088], [18.154029, 53.098766], [18.144276, 53.103153]]]}}, {"id": "371", "type": "Feature", "properties": {"areaName": "powiat przemyski", "include": true}, "geometry": {"type": "Polygon", "coordinates": [[[22.427904, 49.593172], [22.462598, 49.589925], [22.52535, 49.625807], [22.52638, 49.664327], [22.584578, 49.669684], [22.603582, 49.616625], [22.632028, 49.589811], [22.686067, 49.573076], [22.783312, 49.657238], [22.805556, 49.693401], [22.847781, 49.71008], [22.970632, 49.838514], [22.995465, 49.842152], [23.092851, 49.928769], [22.958159, 49.949345], [22.893784, 49.887662], [22.82717, 49.905644], [22.782138, 49.895434], [22.75542, 49.920002], [22.671874, 49.897853], [22.669621, 49.869024], [22.591491, 49.837388], [22.48016, 49.848763], [22.418359, 49.888284], [22.340066, 49.885922], [22.299052, 49.872814], [22.305364, 49.788615], [22.336412, 49.766595], [22.294471, 49.744582], [22.27243, 49.707061], [22.32707, 49.685728], [22.341054, 49.657989], [22.388902, 49.634972], [22.382354, 49.613434], [22.427904, 49.593172]], [[22.713056, 49.759952], [22.75002, 49.810469], [22.797002, 49.81144], [22.848523, 49.784109], [22.775439, 49.746498], [22.713056, 49.759952]]]}}, {"id": "372", "type": "Feature", "properties": {"areaName": "Bielsko-Bia\u0142a", "include": true}, "geometry": {"type": "Polygon", "coordinates": [[[18.986386, 49.736683], [19.003507, 49.761018], [19.061481, 49.762866], [19.100525, 49.784778], [19.119069, 49.828838], [19.107269, 49.875942], [19.017853, 49.870232], [18.973306, 49.840485], [18.976639, 49.789446], [18.954594, 49.744151], [18.986386, 49.736683]]]}}, {"id": "373", "type": "Feature", "properties": {"areaName": "powiat zgorzelecki", "include": true}, "geometry": {"type": "Polygon", "coordinates": [[[14.974183, 51.36395], [14.977592, 51.341791], [15.033618, 51.293752], [14.993121, 51.162464], [14.997673, 51.122303], [14.979435, 51.077172], [14.935207, 51.020325], [14.896497, 50.940604], [14.821198, 50.887058], [14.959256, 50.861931], [15.001929, 50.868779], [14.989431, 50.921633], [15.014338, 50.939827], [15.005877, 50.986554], [15.016665, 51.021962], [15.098378, 51.013271], [15.13311, 50.993893], [15.168249, 51.018519], [15.121655, 51.078302], [15.129957, 51.125816], [15.170221, 51.16689], [15.21704, 51.193138], [15.213713, 51.223547], [15.255615, 51.260142], [15.295889, 51.267006], [15.286177, 51.319349], [15.248633, 51.367833], [15.275517, 51.429797], [15.252045, 51.449045], [15.150558, 51.442432], [15.086202, 51.425499], [15.071155, 51.396984], [15.017929, 51.393462], [14.974183, 51.36395]]]}}, {"id": "374", "type": "Feature", "properties": {"areaName": "powiat zielonog\u00f3rski", "include": true}, "geometry": {"type": "Polygon", "coordinates": [[[15.30633, 52.131317], [15.256627, 52.084781], [15.277858, 52.021639], [15.258346, 52.003741], [15.293408, 51.962202], [15.204007, 51.899943], [15.106467, 51.862888], [15.153374, 51.846407], [15.170324, 51.807042], [15.13535, 51.766841], [15.173775, 51.754946], [15.215719, 51.781808], [15.233056, 51.740427], [15.29807, 51.754395], [15.345722, 51.736522], [15.414267, 51.754001], [15.442266, 51.781657], [15.46595, 51.82741], [15.423921, 51.855022], [15.421175, 51.883402], [15.473226, 51.912755], [15.414293, 51.961988], [15.452208, 52.018436], [15.51257, 52.01532], [15.534703, 52.034773], [15.587682, 52.031715], [15.650369, 51.94647], [15.638101, 51.905066], [15.787904, 51.885807], [15.853173, 51.918642], [15.862063, 51.940042], [15.933639, 51.979997], [15.909606, 52.025372], [15.96599, 52.026736], [16.000714, 52.053941], [15.967463, 52.081948], [15.924448, 52.067476], [15.833296, 52.111123], [15.874977, 52.130472], [15.86095, 52.182772], [15.849505, 52.21329], [15.736695, 52.191816], [15.721442, 52.169041], [15.606887, 52.163995], [15.59084, 52.137592], [15.523986, 52.123748], [15.480537, 52.100943], [15.412898, 52.116369], [15.365423, 52.114257], [15.30633, 52.131317]]]}}, {"id": "375", "type": "Feature", "properties": {"areaName": "S\u0142upsk", "include": true}, "geometry": {"type": "Polygon", "coordinates": [[[16.951207, 54.459456], [17.026482, 54.446033], [17.104983, 54.454054], [17.081349, 54.486535], [17.006052, 54.495954], [16.951207, 54.459456]]]}}, {"id": "376", "type": "Feature", "properties": {"areaName": "powiat milicki", "include": true}, "geometry": {"type": "Polygon", "coordinates": [[[16.990561, 51.549965], [17.002869, 51.530026], [17.056964, 51.530326], [17.09997, 51.495938], [17.112448, 51.448116], [17.232807, 51.392046], [17.262627, 51.39827], [17.340069, 51.372912], [17.370515, 51.368075], [17.448781, 51.44072], [17.527005, 51.457198], [17.514631, 51.510981], [17.576286, 51.539582], [17.556245, 51.584302], [17.498652, 51.615933], [17.330107, 51.647915], [17.257433, 51.642843], [17.215474, 51.629559], [17.214674, 51.57385], [16.990561, 51.549965]]]}}, {"id": "377", "type": "Feature", "properties": {"areaName": "powiat m\u0142awski", "include": true}, "geometry": {"type": "Polygon", "coordinates": [[[20.668047, 53.087481], [20.702913, 53.123962], [20.707644, 53.179858], [20.675952, 53.269527], [20.657342, 53.251514], [20.562068, 53.226474], [20.473535, 53.234261], [20.411105, 53.214106], [20.370117, 53.177292], [20.29026, 53.139114], [20.16526, 53.155775], [20.135125, 53.142457], [20.117182, 53.09214], [20.085898, 53.051147], [20.043118, 53.033957], [20.032517, 52.929232], [20.093154, 52.893649], [20.147796, 52.886163], [20.170294, 52.896482], [20.249304, 52.86998], [20.264331, 52.847507], [20.311718, 52.840398], [20.391298, 52.860553], [20.440921, 52.950158], [20.527411, 52.994932], [20.585295, 53.036678], [20.570231, 53.074086], [20.622099, 53.104762], [20.668047, 53.087481]]]}}, {"id": "378", "type": "Feature", "properties": {"areaName": "powiat mogile\u0144ski", "include": true}, "geometry": {"type": "Polygon", "coordinates": [[[17.987164, 52.553326], [18.095397, 52.553121], [18.090249, 52.520517], [18.132908, 52.505846], [18.275541, 52.491421], [18.345232, 52.521741], [18.352474, 52.54336], [18.360536, 52.591516], [18.240216, 52.609085], [18.239248, 52.70027], [18.227212, 52.732581], [18.155827, 52.713664], [18.140018, 52.68767], [18.00997, 52.682346], [18.009627, 52.726949], [18.038703, 52.767674], [17.996414, 52.797026], [17.936798, 52.841765], [17.886244, 52.821396], [17.916856, 52.747828], [17.870081, 52.738921], [17.804172, 52.697359], [17.786666, 52.651516], [17.908996, 52.608102], [17.900444, 52.586407], [17.985899, 52.568231], [17.987164, 52.553326]]]}}, {"id": "379", "type": "Feature", "properties": {"areaName": "Tychy", "include": true}, "geometry": {"type": "Polygon", "coordinates": [[[19.08163, 50.131335], [19.038196, 50.144816], [19.02223, 50.175835], [18.93415, 50.158627], [18.925316, 50.132277], [18.953998, 50.111527], [18.933076, 50.081914], [19.036127, 50.077167], [19.08163, 50.131335]]]}}]}